CWE761_Free_Pointer_Not_at_Start_of_Buffer__char_environment_16_good.c,158,37,63,1
CWE369_Divide_by_Zero__int_zero_modulo_34_good.c,75,3,184,1
CWE134_Uncontrolled_Format_String__char_console_fprintf_44_good.c,174,2,164,1
CWE121_Stack_Based_Buffer_Overflow__CWE805_struct_alloca_memcpy_34_good.c,170,3,1804,1
CWE124_Buffer_Underwrite__wchar_t_declare_loop_07_good.c,157,7,1091,1
CWE134_Uncontrolled_Format_String__char_console_w32_vsnprintf_08_good.c,238,3,122,1
CWE191_Integer_Underflow__short_min_sub_10_good.c,75,3,1707,1
CWE121_Stack_Based_Buffer_Overflow__CWE805_char_alloca_snprintf_02_good.c,139,3,1804,1
CWE121_Stack_Based_Buffer_Overflow__dest_wchar_t_alloca_cpy_14_good.c,140,3,1804,1
CWE191_Integer_Underflow__char_fscanf_postdec_14_good.c,87,3,1707,1
CWE127_Buffer_Underread__CWE839_fgets_03_good.c,128,6,133,1
CWE121_Stack_Based_Buffer_Overflow__CWE805_wchar_t_declare_ncpy_08_good.c,148,3,1804,1
CWE121_Stack_Based_Buffer_Overflow__CWE805_int64_t_alloca_memcpy_12_good.c,131,3,1804,1
CWE124_Buffer_Underwrite__char_alloca_cpy_13_good.c,134,7,1091,1
CWE401_Memory_Leak__int64_t_calloc_09_good.c,105,2,382,1
CWE475_Undefined_Behavior_for_Input_to_API__wchar_t_01_good.c,86,3,1804,1
CWE190_Integer_Overflow__char_rand_multiply_10_good.c,87,3,870,1
CWE127_Buffer_Underread__char_declare_memcpy_04_good.c,136,7,1091,1
CWE475_Undefined_Behavior_for_Input_to_API__wchar_t_12_good.c,145,3,1804,1
CWE134_Uncontrolled_Format_String__char_console_printf_03_good.c,162,2,164,1
CWE121_Stack_Based_Buffer_Overflow__CWE193_wchar_t_alloca_cpy_08_good.c,146,3,1804,1
CWE121_Stack_Based_Buffer_Overflow__CWE805_char_declare_snprintf_16_good.c,117,3,1804,1
CWE190_Integer_Overflow__short_fscanf_preinc_14_good.c,86,3,1707,1
CWE190_Integer_Overflow__int64_t_rand_add_04_good.c,81,3,1707,1
CWE121_Stack_Based_Buffer_Overflow__CWE805_wchar_t_alloca_ncat_02_good.c,140,3,1804,1
CWE122_Heap_Based_Buffer_Overflow__char_type_overrun_memcpy_04_good.c,162,6,55,1
CWE690_NULL_Deref_From_Return__long_realloc_15_good.c,99,5,56,1
CWE121_Stack_Based_Buffer_Overflow__CWE193_char_alloca_ncpy_11_good.c,134,3,1804,1
CWE127_Buffer_Underread__wchar_t_alloca_memcpy_04_good.c,153,7,1091,1
CWE190_Integer_Overflow__int_max_multiply_06_good.c,85,3,870,1
CWE191_Integer_Underflow__int64_t_rand_predec_04_good.c,82,3,1707,1
CWE190_Integer_Overflow__short_rand_square_34_good.c,86,3,1707,1
CWE272_Least_Privilege_Violation__w32_wchar_t_SHRegOpenUSKey_01_good.c,78,3,1804,1
CWE121_Stack_Based_Buffer_Overflow__CWE193_char_alloca_ncpy_44_good.c,152,3,1804,1
CWE191_Integer_Underflow__short_min_postdec_11_good.c,80,3,1707,1
CWE401_Memory_Leak__int_calloc_06_good.c,108,2,382,1
CWE122_Heap_Based_Buffer_Overflow__CWE131_memmove_09_good.c,116,3,111,1
CWE690_NULL_Deref_From_Return__int64_t_malloc_15_good.c,98,11,18,1
CWE190_Integer_Overflow__int_fgets_preinc_01_good.c,95,3,1707,1
CWE190_Integer_Overflow__int64_t_max_preinc_42_good.c,83,3,1707,1
CWE134_Uncontrolled_Format_String__wchar_t_file_printf_32_good.c,177,14,3,1
CWE127_Buffer_Underread__char_declare_loop_31_good.c,158,7,1091,1
CWE761_Free_Pointer_Not_at_Start_of_Buffer__char_fixed_string_03_good.c,123,37,63,1
CWE242_Use_of_Inherently_Dangerous_Function__basic_14_good.c,92,5,12,1
CWE190_Integer_Overflow__int_max_preinc_42_good.c,82,3,1707,1
CWE190_Integer_Overflow__char_max_square_11_good.c,80,3,1707,1
CWE127_Buffer_Underread__char_alloca_loop_05_good.c,162,7,1091,1
CWE121_Stack_Based_Buffer_Overflow__CWE805_int_alloca_memmove_34_good.c,135,3,1804,1
CWE190_Integer_Overflow__char_rand_add_09_good.c,81,3,1707,1
CWE401_Memory_Leak__int_malloc_42_good.c,112,2,382,1
CWE457_Use_of_Uninitialized_Variable__struct_array_malloc_no_init_10_good.c,125,2,238,1
CWE190_Integer_Overflow__short_rand_square_41_good.c,81,3,1707,1
CWE272_Least_Privilege_Violation__w32_wchar_t_SHRegOpenUSKey_06_good.c,86,3,1804,1
CWE121_Stack_Based_Buffer_Overflow__CWE805_char_declare_loop_18_good.c,140,3,1804,1
CWE122_Heap_Based_Buffer_Overflow__char_type_overrun_memmove_13_good.c,159,6,55,1
CWE457_Use_of_Uninitialized_Variable__double_array_declare_partial_init_10_good.c,126,2,238,1
CWE134_Uncontrolled_Format_String__wchar_t_file_vfprintf_32_good.c,218,17,43,1
CWE121_Stack_Based_Buffer_Overflow__CWE805_wchar_t_declare_snprintf_03_good.c,121,3,1804,1
CWE190_Integer_Overflow__int_fscanf_preinc_08_good.c,104,3,1707,1
CWE391_Unchecked_Error_Condition__strtol_03_good.c,69,3,35,1
CWE134_Uncontrolled_Format_String__wchar_t_environment_fprintf_07_good.c,120,19,36,1
CWE126_Buffer_Overread__char_declare_memcpy_18_good.c,162,3,113,1
CWE190_Integer_Overflow__int_rand_preinc_41_good.c,79,3,1707,1
CWE457_Use_of_Uninitialized_Variable__double_array_malloc_partial_init_07_good.c,150,2,238,1
CWE122_Heap_Based_Buffer_Overflow__sizeof_struct_09_good.c,102,4,55,1
CWE127_Buffer_Underread__char_alloca_memcpy_05_good.c,148,7,1091,1
CWE190_Integer_Overflow__char_fscanf_preinc_13_good.c,87,3,1707,1
CWE259_Hard_Coded_Password__w32_wchar_t_02_good.c,117,18,63,1
CWE122_Heap_Based_Buffer_Overflow__CWE131_memmove_02_good.c,116,3,111,1
CWE134_Uncontrolled_Format_String__wchar_t_console_vprintf_09_good.c,201,13,43,1
CWE124_Buffer_Underwrite__wchar_t_declare_memcpy_03_good.c,143,7,1091,1
CWE190_Integer_Overflow__int_fgets_add_01_good.c,94,3,1707,1
CWE134_Uncontrolled_Format_String__wchar_t_environment_snprintf_02_good.c,136,24,58,1
CWE415_Double_Free__malloc_free_char_04_good.c,98,2,145,1
CWE563_Unused_Variable__unused_init_variable_int_04_good.c,52,2,382,1
CWE122_Heap_Based_Buffer_Overflow__c_CWE193_wchar_t_loop_13_good.c,145,5,184,1
CWE121_Stack_Based_Buffer_Overflow__CWE193_char_alloca_loop_09_good.c,157,3,1804,1
CWE122_Heap_Based_Buffer_Overflow__c_CWE193_wchar_t_cpy_41_good.c,119,5,184,1
CWE590_Free_Memory_Not_on_Heap__free_struct_declare_05_good.c,116,9,197,1
CWE122_Heap_Based_Buffer_Overflow__c_CWE193_wchar_t_loop_14_good.c,145,5,184,1
CWE191_Integer_Underflow__int_min_sub_03_good.c,79,3,1707,1
CWE121_Stack_Based_Buffer_Overflow__CWE193_char_alloca_cpy_14_good.c,127,3,1804,1
CWE416_Use_After_Free__malloc_free_long_04_good.c,128,14,26,1
CWE134_Uncontrolled_Format_String__char_file_w32_vsnprintf_15_good.c,224,3,122,1
CWE122_Heap_Based_Buffer_Overflow__sizeof_int64_t_32_good.c,130,4,55,1
CWE252_Unchecked_Return_Value__wchar_t_fputc_11_good.c,57,9,136,1
CWE665_Improper_Initialization__char_cat_01_good.c,93,2,38,1
CWE191_Integer_Underflow__int_min_postdec_15_good.c,94,3,1707,1
CWE191_Integer_Underflow__char_rand_sub_42_good.c,87,3,1707,1
CWE272_Least_Privilege_Violation__w32_char_SHRegOpenUSKey_18_good.c,82,3,1804,1
CWE121_Stack_Based_Buffer_Overflow__CWE805_wchar_t_alloca_memmove_07_good.c,157,3,1804,1
CWE415_Double_Free__malloc_free_struct_41_good.c,100,2,145,1
CWE121_Stack_Based_Buffer_Overflow__CWE193_char_declare_ncpy_32_good.c,137,3,1804,1
CWE121_Stack_Based_Buffer_Overflow__CWE805_char_declare_loop_16_good.c,143,3,1804,1
CWE416_Use_After_Free__malloc_free_long_10_good.c,128,14,26,1
CWE690_NULL_Deref_From_Return__long_calloc_15_good.c,97,5,56,1
CWE758_Undefined_Behavior__struct_alloca_use_11_good.c,84,7,13,1
CWE134_Uncontrolled_Format_String__wchar_t_environment_vfprintf_09_good.c,155,17,43,1
CWE121_Stack_Based_Buffer_Overflow__CWE193_char_declare_memcpy_05_good.c,111,3,1804,1
CWE191_Integer_Underflow__short_fscanf_sub_31_good.c,81,3,1707,1
CWE369_Divide_by_Zero__int_fgets_modulo_08_good.c,122,3,870,1
CWE127_Buffer_Underread__wchar_t_declare_loop_12_good.c,164,7,1091,1
CWE690_NULL_Deref_From_Return__wchar_t_realloc_34_good.c,101,12,20,1
CWE400_Resource_Exhaustion__rand_sleep_03_good.c,73,3,870,1
CWE244_Heap_Inspection__w32_wchar_t_free_05_good.c,191,3,111,1
CWE121_Stack_Based_Buffer_Overflow__dest_wchar_t_alloca_cat_03_good.c,140,3,1804,1
CWE121_Stack_Based_Buffer_Overflow__CWE805_wchar_t_declare_memcpy_12_good.c,148,3,1804,1
CWE127_Buffer_Underread__malloc_char_memcpy_44_good.c,188,7,1091,1
CWE190_Integer_Overflow__int_max_postinc_15_good.c,94,3,1707,1
CWE690_NULL_Deref_From_Return__int64_t_calloc_13_good.c,91,3,870,1
CWE124_Buffer_Underwrite__char_declare_memmove_34_good.c,149,7,1091,1
CWE457_Use_of_Uninitialized_Variable__int_pointer_08_good.c,83,4,40,1
CWE369_Divide_by_Zero__float_rand_42_good.c,91,3,1707,1
CWE126_Buffer_Overread__char_declare_memcpy_03_good.c,165,3,113,1
CWE563_Unused_Variable__unused_value_long_09_good.c,66,6,21,1
CWE761_Free_Pointer_Not_at_Start_of_Buffer__wchar_t_fixed_string_41_good.c,131,35,46,1
CWE190_Integer_Overflow__int64_t_fscanf_square_07_good.c,87,3,1707,1
CWE124_Buffer_Underwrite__CWE839_negative_05_good.c,119,6,133,1
CWE459_Incomplete_Cleanup__wchar_t_01_good.c,101,2,164,1
CWE127_Buffer_Underread__char_declare_ncpy_41_good.c,142,7,1091,1
CWE190_Integer_Overflow__int_rand_preinc_03_good.c,82,3,1707,1
CWE127_Buffer_Underread__CWE839_rand_11_good.c,99,6,133,1
CWE126_Buffer_Overread__wchar_t_declare_memmove_13_good.c,172,3,1804,1
CWE121_Stack_Based_Buffer_Overflow__CWE805_char_declare_ncat_18_good.c,112,3,1804,1
CWE124_Buffer_Underwrite__char_alloca_memmove_04_good.c,148,7,1091,1
CWE690_NULL_Deref_From_Return__struct_calloc_32_good.c,133,6,19,1
CWE134_Uncontrolled_Format_String__wchar_t_file_w32_vsnprintf_08_good.c,231,25,51,1
CWE122_Heap_Based_Buffer_Overflow__sizeof_int64_t_03_good.c,99,4,55,1
CWE191_Integer_Underflow__int64_t_rand_multiply_03_good.c,91,3,870,1
CWE252_Unchecked_Return_Value__char_fputs_08_good.c,71,5,172,1
CWE400_Resource_Exhaustion__fscanf_for_loop_06_good.c,97,3,56,1
CWE391_Unchecked_Error_Condition__sqrt_11_good.c,70,3,35,1
CWE467_Use_of_sizeof_on_Pointer_Type__char_07_good.c,96,44,12,1
CWE190_Integer_Overflow__int_fscanf_add_03_good.c,85,3,1707,1
CWE124_Buffer_Underwrite__char_declare_memmove_10_good.c,136,7,1091,1
CWE127_Buffer_Underread__CWE839_fgets_32_good.c,147,6,133,1
CWE606_Unchecked_Loop_Condition__wchar_t_environment_34_good.c,169,3,56,1
CWE563_Unused_Variable__unused_uninit_variable_int_03_good.c,51,3,38,1
CWE121_Stack_Based_Buffer_Overflow__CWE193_wchar_t_declare_cpy_16_good.c,100,3,1804,1
CWE259_Hard_Coded_Password__w32_wchar_t_14_good.c,119,18,63,1
CWE191_Integer_Underflow__short_fscanf_postdec_41_good.c,83,3,1707,1
CWE194_Unexpected_Sign_Extension__negative_memcpy_15_good.c,130,6,48,1
CWE690_NULL_Deref_From_Return__long_malloc_32_good.c,121,5,56,1
CWE121_Stack_Based_Buffer_Overflow__CWE805_wchar_t_alloca_snprintf_02_good.c,143,3,1804,1
CWE457_Use_of_Uninitialized_Variable__int_array_malloc_partial_init_10_good.c,143,2,238,1
CWE127_Buffer_Underread__CWE839_fscanf_42_good.c,105,6,133,1
CWE121_Stack_Based_Buffer_Overflow__CWE805_struct_declare_memcpy_10_good.c,133,3,1804,1
CWE400_Resource_Exhaustion__rand_sleep_32_good.c,92,3,184,1
CWE190_Integer_Overflow__int_fscanf_square_07_good.c,85,3,1707,1
CWE369_Divide_by_Zero__int_fscanf_modulo_16_good.c,79,3,184,1
CWE191_Integer_Underflow__char_min_multiply_07_good.c,86,3,870,1
CWE191_Integer_Underflow__short_rand_predec_31_good.c,81,3,1707,1
CWE191_Integer_Underflow__short_fscanf_predec_15_good.c,100,3,1707,1
CWE127_Buffer_Underread__char_alloca_cpy_16_good.c,140,7,1091,1
CWE126_Buffer_Overread__wchar_t_alloca_memcpy_05_good.c,194,3,1804,1
CWE122_Heap_Based_Buffer_Overflow__char_type_overrun_memmove_01_good.c,151,6,55,1
CWE226_Sensitive_Information_Uncleared_Before_Release__w32_wchar_t_declare_13_good.c,157,3,111,1
CWE369_Divide_by_Zero__float_zero_16_good.c,84,3,1707,1
CWE121_Stack_Based_Buffer_Overflow__CWE805_char_declare_memcpy_06_good.c,129,3,1804,1
CWE252_Unchecked_Return_Value__char_remove_07_good.c,51,13,16,1
CWE563_Unused_Variable__unused_init_variable_long_14_good.c,54,2,382,1
CWE191_Integer_Underflow__int64_t_min_multiply_34_good.c,88,3,870,1
CWE401_Memory_Leak__char_calloc_13_good.c,106,2,382,1
CWE134_Uncontrolled_Format_String__wchar_t_console_vfprintf_10_good.c,203,17,43,1
CWE391_Unchecked_Error_Condition__strtol_04_good.c,67,3,35,1
CWE284_Improper_Access_Control__w32_char_CreateDesktop_14_good.c,90,3,1804,1
CWE190_Integer_Overflow__int_rand_square_05_good.c,77,3,1707,1
CWE121_Stack_Based_Buffer_Overflow__CWE805_char_declare_loop_03_good.c,143,3,1804,1
CWE122_Heap_Based_Buffer_Overflow__CWE135_14_good.c,198,9,39,1
CWE190_Integer_Overflow__int_fscanf_preinc_34_good.c,88,3,1707,1
CWE122_Heap_Based_Buffer_Overflow__sizeof_double_34_good.c,109,4,55,1
CWE190_Integer_Overflow__char_rand_square_06_good.c,85,3,1707,1
CWE476_NULL_Pointer_Dereference__wchar_t_07_good.c,70,3,870,1
CWE121_Stack_Based_Buffer_Overflow__CWE805_char_declare_loop_14_good.c,143,3,1804,1
CWE134_Uncontrolled_Format_String__wchar_t_console_w32_vsnprintf_32_good.c,248,25,51,1
CWE190_Integer_Overflow__short_fscanf_postinc_04_good.c,82,3,1707,1
CWE690_NULL_Deref_From_Return__int64_t_realloc_31_good.c,99,11,18,1
CWE121_Stack_Based_Buffer_Overflow__CWE805_char_declare_ncpy_10_good.c,124,3,1804,1
CWE190_Integer_Overflow__int64_t_fscanf_square_08_good.c,105,3,1707,1
CWE190_Integer_Overflow__char_fscanf_postinc_32_good.c,106,3,1707,1
CWE272_Least_Privilege_Violation__w32_char_RegCreateKey_14_good.c,81,3,1804,1
CWE563_Unused_Variable__unused_uninit_variable_wchar_t_08_good.c,69,4,55,1
CWE190_Integer_Overflow__short_fscanf_postinc_31_good.c,82,3,1707,1
CWE127_Buffer_Underread__char_alloca_ncpy_01_good.c,140,7,1091,1
CWE457_Use_of_Uninitialized_Variable__struct_array_declare_partial_init_16_good.c,150,2,238,1
CWE134_Uncontrolled_Format_String__wchar_t_file_printf_34_good.c,157,14,3,1
CWE134_Uncontrolled_Format_String__char_file_vfprintf_07_good.c,193,3,122,1
CWE191_Integer_Underflow__char_rand_sub_34_good.c,87,3,1707,1
CWE191_Integer_Underflow__short_min_multiply_04_good.c,81,3,870,1
CWE134_Uncontrolled_Format_String__wchar_t_file_printf_03_good.c,154,13,32,1
CWE252_Unchecked_Return_Value__wchar_t_w32CreateMutex_02_good.c,67,2,133,1
CWE124_Buffer_Underwrite__char_alloca_cpy_16_good.c,134,7,1091,1
CWE134_Uncontrolled_Format_String__char_console_w32_vsnprintf_09_good.c,216,3,122,1
CWE121_Stack_Based_Buffer_Overflow__CWE805_int_alloca_memmove_18_good.c,121,3,1804,1
CWE690_NULL_Deref_From_Return__wchar_t_calloc_42_good.c,100,12,20,1
CWE122_Heap_Based_Buffer_Overflow__c_CWE193_char_ncpy_13_good.c,120,5,184,1
CWE121_Stack_Based_Buffer_Overflow__CWE805_int_declare_loop_44_good.c,134,3,1804,1
CWE606_Unchecked_Loop_Condition__char_console_44_good.c,219,3,870,1
CWE121_Stack_Based_Buffer_Overflow__CWE193_char_alloca_loop_02_good.c,157,3,1804,1
CWE121_Stack_Based_Buffer_Overflow__CWE805_int_declare_memcpy_10_good.c,98,3,1804,1
CWE253_Incorrect_Check_of_Function_Return_Value__char_fgets_07_good.c,87,6,38,1
CWE190_Integer_Overflow__int_rand_multiply_14_good.c,87,3,870,1
CWE127_Buffer_Underread__char_alloca_loop_10_good.c,162,7,1091,1
CWE127_Buffer_Underread__char_alloca_ncpy_09_good.c,146,7,1091,1
CWE758_Undefined_Behavior__char_alloca_use_18_good.c,72,6,58,1
CWE690_NULL_Deref_From_Return__int_realloc_04_good.c,90,3,870,1
CWE134_Uncontrolled_Format_String__char_environment_vprintf_11_good.c,156,3,122,1
CWE191_Integer_Underflow__char_min_sub_18_good.c,74,3,1707,1
CWE761_Free_Pointer_Not_at_Start_of_Buffer__char_fixed_string_15_good.c,130,37,63,1
CWE391_Unchecked_Error_Condition__strtol_11_good.c,69,3,35,1
CWE401_Memory_Leak__twoIntsStruct_calloc_16_good.c,120,2,382,1
CWE191_Integer_Underflow__int64_t_rand_multiply_18_good.c,85,3,870,1
CWE121_Stack_Based_Buffer_Overflow__CWE193_wchar_t_declare_cpy_05_good.c,98,3,1804,1
CWE127_Buffer_Underread__malloc_wchar_t_loop_18_good.c,186,7,1091,1
CWE761_Free_Pointer_Not_at_Start_of_Buffer__char_environment_05_good.c,156,37,63,1
CWE591_Sensitive_Data_Storage_in_Improperly_Locked_Memory__w32_wchar_t_18_good.c,143,2,133,1
CWE127_Buffer_Underread__wchar_t_alloca_memcpy_01_good.c,147,7,1091,1
CWE191_Integer_Underflow__int_fgets_predec_10_good.c,107,3,1707,1
CWE690_NULL_Deref_From_Return__int_calloc_32_good.c,121,5,56,1
CWE284_Improper_Access_Control__w32_wchar_t_CreateDesktop_16_good.c,91,3,1804,1
CWE127_Buffer_Underread__CWE839_fscanf_13_good.c,103,6,133,1
CWE761_Free_Pointer_Not_at_Start_of_Buffer__wchar_t_console_44_good.c,226,32,2,1
CWE690_NULL_Deref_From_Return__int64_t_malloc_05_good.c,89,3,870,1
CWE252_Unchecked_Return_Value__char_w32CreateMutex_03_good.c,69,2,133,1
CWE121_Stack_Based_Buffer_Overflow__CWE805_int64_t_alloca_memmove_01_good.c,116,3,1804,1
CWE400_Resource_Exhaustion__fscanf_sleep_16_good.c,77,3,184,1
CWE121_Stack_Based_Buffer_Overflow__CWE131_loop_03_good.c,113,3,111,1
CWE124_Buffer_Underwrite__char_alloca_memcpy_34_good.c,161,7,1091,1
CWE194_Unexpected_Sign_Extension__rand_memmove_12_good.c,136,16,88,1
CWE563_Unused_Variable__unused_init_variable_long_18_good.c,51,2,382,1
CWE124_Buffer_Underwrite__wchar_t_declare_memcpy_14_good.c,143,7,1091,1
CWE127_Buffer_Underread__wchar_t_declare_ncpy_09_good.c,139,7,1091,1
CWE190_Integer_Overflow__short_max_preinc_31_good.c,76,3,1707,1
CWE190_Integer_Overflow__char_fscanf_postinc_42_good.c,89,3,1707,1
CWE121_Stack_Based_Buffer_Overflow__CWE805_int_alloca_memcpy_31_good.c,130,3,1804,1
CWE124_Buffer_Underwrite__CWE839_rand_32_good.c,143,6,133,1
CWE284_Improper_Access_Control__w32_char_SHRegCreateUSKey_04_good.c,85,3,1804,1
CWE416_Use_After_Free__malloc_free_long_14_good.c,132,14,26,1
CWE194_Unexpected_Sign_Extension__rand_malloc_06_good.c,127,16,88,1
CWE121_Stack_Based_Buffer_Overflow__CWE129_large_41_good.c,119,3,224,1
CWE121_Stack_Based_Buffer_Overflow__CWE193_wchar_t_declare_loop_01_good.c,124,3,1804,1
CWE127_Buffer_Underread__char_declare_memmove_03_good.c,138,7,1091,1
CWE253_Incorrect_Check_of_Function_Return_Value__wchar_t_fgets_02_good.c,86,6,38,1
CWE685_Function_Call_With_Incorrect_Number_of_Arguments__basic_13_good.c,69,2,164,1
CWE191_Integer_Underflow__int64_t_min_predec_15_good.c,95,3,1707,1
CWE121_Stack_Based_Buffer_Overflow__CWE805_wchar_t_declare_loop_06_good.c,147,3,1804,1
CWE190_Integer_Overflow__char_fscanf_square_05_good.c,82,3,1707,1
CWE426_Untrusted_Search_Path__wchar_t_system_09_good.c,84,3,1804,1
CWE127_Buffer_Underread__malloc_wchar_t_loop_04_good.c,187,7,1091,1
CWE457_Use_of_Uninitialized_Variable__int_pointer_15_good.c,79,4,5,1
CWE122_Heap_Based_Buffer_Overflow__c_CWE129_rand_07_good.c,173,3,224,1
CWE606_Unchecked_Loop_Condition__wchar_t_environment_16_good.c,166,3,56,1
CWE457_Use_of_Uninitialized_Variable__double_array_declare_partial_init_01_good.c,114,2,238,1
CWE401_Memory_Leak__char_malloc_04_good.c,102,2,382,1
CWE401_Memory_Leak__int64_t_malloc_07_good.c,109,2,382,1
CWE121_Stack_Based_Buffer_Overflow__CWE805_int_declare_loop_18_good.c,113,3,1804,1
CWE416_Use_After_Free__malloc_free_wchar_t_07_good.c,124,9,11,1
CWE191_Integer_Underflow__int64_t_fscanf_multiply_41_good.c,90,3,870,1
CWE191_Integer_Underflow__int_fgets_sub_06_good.c,110,3,1707,1
CWE252_Unchecked_Return_Value__char_putc_10_good.c,54,5,172,1
CWE590_Free_Memory_Not_on_Heap__free_struct_static_31_good.c,124,9,197,1
CWE127_Buffer_Underread__char_alloca_memcpy_08_good.c,168,7,1091,1
CWE690_NULL_Deref_From_Return__struct_calloc_44_good.c,120,3,59,1
CWE415_Double_Free__malloc_free_wchar_t_07_good.c,102,2,145,1
CWE122_Heap_Based_Buffer_Overflow__c_CWE193_char_memmove_14_good.c,127,5,184,1
CWE665_Improper_Initialization__wchar_t_cat_31_good.c,109,8,2,1
CWE190_Integer_Overflow__short_rand_postinc_32_good.c,104,3,1707,1
CWE124_Buffer_Underwrite__malloc_wchar_t_memmove_11_good.c,175,7,1091,1
CWE121_Stack_Based_Buffer_Overflow__CWE805_int_declare_memmove_13_good.c,100,3,1804,1
CWE390_Error_Without_Action__fgets_wchar_t_09_good.c,91,3,13,1
CWE191_Integer_Underflow__int64_t_min_predec_42_good.c,83,3,1707,1
CWE124_Buffer_Underwrite__char_alloca_ncpy_04_good.c,145,7,1091,1
CWE122_Heap_Based_Buffer_Overflow__c_CWE193_wchar_t_cpy_11_good.c,113,5,184,1
CWE761_Free_Pointer_Not_at_Start_of_Buffer__wchar_t_console_42_good.c,220,33,17,1
CWE401_Memory_Leak__char_calloc_05_good.c,102,2,382,1
CWE401_Memory_Leak__char_malloc_02_good.c,102,2,382,1
CWE121_Stack_Based_Buffer_Overflow__CWE193_char_declare_memcpy_34_good.c,124,3,1804,1
CWE191_Integer_Underflow__char_fscanf_sub_06_good.c,86,3,1707,1
CWE369_Divide_by_Zero__int_rand_divide_06_good.c,75,3,870,1
CWE690_NULL_Deref_From_Return__struct_calloc_11_good.c,102,3,870,1
CWE121_Stack_Based_Buffer_Overflow__CWE129_large_01_good.c,106,3,224,1
CWE124_Buffer_Underwrite__wchar_t_alloca_ncpy_09_good.c,150,7,1091,1
CWE476_NULL_Pointer_Dereference__int_03_good.c,68,3,870,1
CWE191_Integer_Underflow__int64_t_min_multiply_42_good.c,88,3,870,1
CWE126_Buffer_Overread__char_declare_memcpy_06_good.c,165,3,113,1
CWE122_Heap_Based_Buffer_Overflow__c_CWE193_wchar_t_memmove_16_good.c,127,5,184,1
CWE127_Buffer_Underread__char_alloca_memcpy_04_good.c,148,7,1091,1
CWE121_Stack_Based_Buffer_Overflow__CWE805_wchar_t_alloca_loop_34_good.c,182,3,1804,1
CWE194_Unexpected_Sign_Extension__negative_memcpy_08_good.c,141,6,48,1
CWE401_Memory_Leak__strdup_wchar_t_10_good.c,81,2,382,1
CWE124_Buffer_Underwrite__wchar_t_alloca_memcpy_15_good.c,162,7,1091,1
CWE401_Memory_Leak__wchar_t_malloc_15_good.c,121,2,382,1
CWE134_Uncontrolled_Format_String__wchar_t_file_vfprintf_04_good.c,191,17,43,1
CWE191_Integer_Underflow__int_rand_predec_34_good.c,84,3,1707,1
CWE134_Uncontrolled_Format_String__char_environment_printf_11_good.c,117,2,164,1
CWE191_Integer_Underflow__char_min_sub_11_good.c,80,3,1707,1
CWE127_Buffer_Underread__wchar_t_alloca_memcpy_31_good.c,161,7,1091,1
CWE401_Memory_Leak__int_malloc_09_good.c,104,2,382,1
CWE476_NULL_Pointer_Dereference__struct_11_good.c,69,3,870,1
CWE126_Buffer_Overread__CWE170_wchar_t_memcpy_18_good.c,93,8,45,1
CWE190_Integer_Overflow__int_fscanf_add_18_good.c,79,3,1707,1
CWE369_Divide_by_Zero__float_fgets_18_good.c,110,3,1707,1
CWE400_Resource_Exhaustion__fscanf_for_loop_13_good.c,97,3,56,1
CWE190_Integer_Overflow__int64_t_rand_multiply_07_good.c,91,3,870,1
CWE122_Heap_Based_Buffer_Overflow__c_CWE193_wchar_t_loop_01_good.c,137,5,184,1
CWE690_NULL_Deref_From_Return__long_calloc_02_good.c,88,3,870,1
CWE190_Integer_Overflow__int_fscanf_multiply_34_good.c,93,3,870,1
CWE191_Integer_Underflow__char_rand_postdec_07_good.c,86,3,1707,1
CWE134_Uncontrolled_Format_String__wchar_t_file_vfprintf_13_good.c,195,17,43,1
CWE121_Stack_Based_Buffer_Overflow__CWE805_struct_alloca_memmove_10_good.c,157,3,1804,1
CWE124_Buffer_Underwrite__wchar_t_alloca_memmove_05_good.c,153,7,1091,1
CWE134_Uncontrolled_Format_String__char_environment_vfprintf_16_good.c,158,3,122,1
CWE761_Free_Pointer_Not_at_Start_of_Buffer__char_file_18_good.c,190,37,63,1
CWE590_Free_Memory_Not_on_Heap__free_int_declare_03_good.c,106,9,197,1
CWE121_Stack_Based_Buffer_Overflow__CWE805_wchar_t_declare_memcpy_07_good.c,133,3,1804,1
CWE121_Stack_Based_Buffer_Overflow__CWE805_wchar_t_declare_memcpy_03_good.c,133,3,1804,1
CWE426_Untrusted_Search_Path__char_system_08_good.c,103,3,1804,1
CWE591_Sensitive_Data_Storage_in_Improperly_Locked_Memory__w32_char_15_good.c,149,2,133,1
CWE121_Stack_Based_Buffer_Overflow__CWE193_wchar_t_declare_loop_12_good.c,147,3,1804,1
CWE122_Heap_Based_Buffer_Overflow__CWE131_memmove_10_good.c,116,3,111,1
CWE124_Buffer_Underwrite__malloc_char_loop_42_good.c,196,7,1091,1
CWE690_NULL_Deref_From_Return__wchar_t_malloc_08_good.c,106,3,870,1
CWE252_Unchecked_Return_Value__char_fputc_09_good.c,54,5,172,1
CWE191_Integer_Underflow__int64_t_min_predec_04_good.c,77,3,1707,1
CWE190_Integer_Overflow__short_fscanf_preinc_32_good.c,105,3,1707,1
CWE127_Buffer_Underread__CWE839_negative_08_good.c,116,6,133,1
CWE121_Stack_Based_Buffer_Overflow__CWE193_wchar_t_alloca_memmove_06_good.c,142,3,1804,1
CWE467_Use_of_sizeof_on_Pointer_Type__int_03_good.c,96,44,8,1
CWE134_Uncontrolled_Format_String__char_environment_w32_vsnprintf_14_good.c,175,3,122,1
CWE121_Stack_Based_Buffer_Overflow__CWE805_wchar_t_declare_ncpy_07_good.c,130,3,1804,1
CWE121_Stack_Based_Buffer_Overflow__CWE805_wchar_t_alloca_snprintf_04_good.c,143,3,1804,1
CWE124_Buffer_Underwrite__char_declare_cpy_32_good.c,153,7,1091,1
CWE761_Free_Pointer_Not_at_Start_of_Buffer__char_file_06_good.c,193,37,63,1
CWE127_Buffer_Underread__char_alloca_cpy_07_good.c,140,7,1091,1
CWE134_Uncontrolled_Format_String__char_file_vprintf_41_good.c,189,3,122,1
CWE369_Divide_by_Zero__int_zero_modulo_41_good.c,70,3,59,1
CWE127_Buffer_Underread__malloc_wchar_t_ncpy_15_good.c,180,7,1091,1
CWE127_Buffer_Underread__malloc_wchar_t_loop_14_good.c,189,7,1091,1
CWE590_Free_Memory_Not_on_Heap__free_int64_t_static_03_good.c,107,9,197,1
CWE191_Integer_Underflow__short_fscanf_multiply_09_good.c,87,3,870,1
CWE457_Use_of_Uninitialized_Variable__char_pointer_07_good.c,64,2,164,1
CWE127_Buffer_Underread__wchar_t_alloca_loop_09_good.c,167,7,1091,1
CWE191_Integer_Underflow__char_min_predec_16_good.c,81,3,1707,1
CWE272_Least_Privilege_Violation__w32_char_RegOpenKeyEx_14_good.c,85,3,1804,1
CWE190_Integer_Overflow__int_rand_square_13_good.c,81,3,1707,1
CWE190_Integer_Overflow__short_rand_preinc_02_good.c,81,3,1707,1
CWE121_Stack_Based_Buffer_Overflow__CWE805_char_declare_snprintf_05_good.c,115,3,1804,1
CWE190_Integer_Overflow__int_rand_postinc_13_good.c,82,3,1707,1
CWE369_Divide_by_Zero__int_fscanf_divide_12_good.c,107,9,1,1
CWE122_Heap_Based_Buffer_Overflow__c_CWE193_char_memcpy_32_good.c,158,5,184,1
CWE190_Integer_Overflow__char_rand_square_01_good.c,69,3,1707,1
CWE191_Integer_Underflow__int64_t_rand_multiply_42_good.c,93,3,870,1
CWE284_Improper_Access_Control__w32_char_CreateDesktop_02_good.c,88,3,1804,1
CWE190_Integer_Overflow__char_max_preinc_07_good.c,81,3,1707,1
CWE761_Free_Pointer_Not_at_Start_of_Buffer__char_file_05_good.c,191,37,63,1
CWE122_Heap_Based_Buffer_Overflow__CWE131_memmove_04_good.c,116,3,111,1
CWE606_Unchecked_Loop_Condition__wchar_t_console_31_good.c,212,3,56,1
CWE127_Buffer_Underread__char_alloca_loop_09_good.c,162,7,1091,1
CWE134_Uncontrolled_Format_String__wchar_t_file_vprintf_16_good.c,193,13,43,1
CWE369_Divide_by_Zero__int_fscanf_modulo_08_good.c,97,3,870,1
CWE761_Free_Pointer_Not_at_Start_of_Buffer__char_environment_09_good.c,156,37,63,1
CWE127_Buffer_Underread__char_alloca_loop_03_good.c,164,7,1091,1
CWE252_Unchecked_Return_Value__wchar_t_fscanf_07_good.c,73,9,136,1
CWE190_Integer_Overflow__int64_t_rand_postinc_12_good.c,120,6,12,1
CWE124_Buffer_Underwrite__char_alloca_loop_18_good.c,161,7,1091,1
CWE191_Integer_Underflow__short_rand_multiply_15_good.c,104,3,870,1
CWE758_Undefined_Behavior__char_alloca_use_02_good.c,73,6,58,1
CWE272_Least_Privilege_Violation__w32_wchar_t_RegCreateKeyEx_08_good.c,112,3,1804,1
CWE124_Buffer_Underwrite__char_declare_ncpy_02_good.c,133,7,1091,1
CWE190_Integer_Overflow__int_fscanf_postinc_12_good.c,120,9,13,1
CWE121_Stack_Based_Buffer_Overflow__dest_wchar_t_alloca_cpy_15_good.c,147,3,1804,1
CWE401_Memory_Leak__wchar_t_realloc_07_good.c,109,2,382,1
CWE284_Improper_Access_Control__w32_char_CreateFile_11_good.c,92,3,1804,1
CWE191_Integer_Underflow__int_fgets_postdec_06_good.c,111,3,1707,1
CWE457_Use_of_Uninitialized_Variable__int64_t_18_good.c,57,5,5,1
CWE690_NULL_Deref_From_Return__wchar_t_calloc_18_good.c,85,12,20,1
CWE126_Buffer_Overread__CWE170_char_loop_09_good.c,106,2,164,1
CWE191_Integer_Underflow__int_rand_postdec_11_good.c,82,3,1707,1
CWE476_NULL_Pointer_Dereference__char_07_good.c,70,3,870,1
CWE400_Resource_Exhaustion__rand_sleep_14_good.c,73,3,870,1
CWE675_Duplicate_Operations_on_Resource__freopen_14_good.c,83,2,145,1
CWE272_Least_Privilege_Violation__w32_wchar_t_SHRegOpenUSKey_05_good.c,84,3,1804,1
CWE121_Stack_Based_Buffer_Overflow__CWE193_char_declare_cpy_41_good.c,105,3,1804,1
CWE252_Unchecked_Return_Value__char_fputs_13_good.c,53,5,172,1
CWE685_Function_Call_With_Incorrect_Number_of_Arguments__basic_07_good.c,69,2,164,1
CWE190_Integer_Overflow__char_fscanf_preinc_12_good.c,121,9,13,1
CWE134_Uncontrolled_Format_String__char_console_vprintf_02_good.c,197,3,122,1
CWE457_Use_of_Uninitialized_Variable__double_array_malloc_partial_init_13_good.c,150,2,238,1
CWE124_Buffer_Underwrite__wchar_t_declare_memmove_31_good.c,149,7,1091,1
CWE121_Stack_Based_Buffer_Overflow__CWE805_int64_t_alloca_memmove_05_good.c,122,3,1804,1
CWE190_Integer_Overflow__char_fscanf_square_02_good.c,82,3,1707,1
CWE122_Heap_Based_Buffer_Overflow__c_CWE193_char_memcpy_08_good.c,145,5,184,1
CWE190_Integer_Overflow__int_max_square_05_good.c,75,3,1707,1
CWE190_Integer_Overflow__int64_t_fscanf_postinc_12_good.c,122,12,3,1
CWE121_Stack_Based_Buffer_Overflow__CWE193_char_alloca_loop_10_good.c,157,3,1804,1
CWE690_NULL_Deref_From_Return__wchar_t_realloc_09_good.c,88,3,870,1
CWE191_Integer_Underflow__int64_t_min_postdec_02_good.c,77,3,1707,1
CWE457_Use_of_Uninitialized_Variable__int_array_declare_no_init_18_good.c,91,2,238,1
CWE773_Missing_Reference_to_Active_File_Descriptor_or_Handle__fopen_15_good.c,92,4,16,1
CWE122_Heap_Based_Buffer_Overflow__c_CWE129_fgets_01_good.c,186,3,224,1
CWE476_NULL_Pointer_Dereference__struct_44_good.c,79,3,59,1
CWE191_Integer_Underflow__short_rand_multiply_34_good.c,92,3,870,1
CWE252_Unchecked_Return_Value__wchar_t_fprintf_05_good.c,55,9,136,1
CWE284_Improper_Access_Control__w32_char_CreateFile_04_good.c,90,3,1804,1
CWE226_Sensitive_Information_Uncleared_Before_Release__w32_char_declare_11_good.c,152,3,111,1
CWE126_Buffer_Overread__char_alloca_memmove_41_good.c,195,3,113,1
CWE191_Integer_Underflow__char_fscanf_multiply_02_good.c,88,3,870,1
CWE121_Stack_Based_Buffer_Overflow__dest_char_declare_cpy_14_good.c,113,3,1804,1
CWE191_Integer_Underflow__int_fscanf_postdec_01_good.c,70,3,1707,1
CWE253_Incorrect_Check_of_Function_Return_Value__char_fgets_05_good.c,85,6,38,1
CWE122_Heap_Based_Buffer_Overflow__c_CWE193_char_cpy_16_good.c,113,5,184,1
CWE126_Buffer_Overread__wchar_t_alloca_memcpy_09_good.c,194,3,1804,1
CWE124_Buffer_Underwrite__char_declare_ncpy_06_good.c,135,7,1091,1
CWE190_Integer_Overflow__int64_t_rand_add_14_good.c,85,3,1707,1
CWE124_Buffer_Underwrite__char_alloca_loop_07_good.c,164,7,1091,1
CWE124_Buffer_Underwrite__char_declare_cpy_04_good.c,120,7,1091,1
CWE127_Buffer_Underread__char_alloca_cpy_03_good.c,140,7,1091,1
CWE121_Stack_Based_Buffer_Overflow__CWE805_int_alloca_loop_10_good.c,138,3,1804,1
CWE690_NULL_Deref_From_Return__long_calloc_32_good.c,121,5,56,1
CWE191_Integer_Underflow__int_fscanf_multiply_44_good.c,99,3,870,1
CWE124_Buffer_Underwrite__char_declare_memmove_31_good.c,144,7,1091,1
CWE590_Free_Memory_Not_on_Heap__free_struct_static_44_good.c,136,9,197,1
CWE191_Integer_Underflow__char_min_sub_03_good.c,80,3,1707,1
CWE590_Free_Memory_Not_on_Heap__free_int_static_16_good.c,106,9,197,1
CWE134_Uncontrolled_Format_String__char_file_snprintf_06_good.c,173,2,164,1
CWE467_Use_of_sizeof_on_Pointer_Type__int_10_good.c,94,44,15,1
CWE590_Free_Memory_Not_on_Heap__free_int_declare_32_good.c,137,9,197,1
CWE121_Stack_Based_Buffer_Overflow__CWE193_wchar_t_alloca_memmove_02_good.c,140,3,1804,1
CWE284_Improper_Access_Control__w32_wchar_t_CreateFile_18_good.c,90,3,1804,1
CWE122_Heap_Based_Buffer_Overflow__sizeof_double_16_good.c,98,4,55,1
CWE761_Free_Pointer_Not_at_Start_of_Buffer__char_fixed_string_18_good.c,120,37,63,1
CWE124_Buffer_Underwrite__char_alloca_loop_15_good.c,171,7,1091,1
CWE681_Incorrect_Conversion_Between_Numeric_Types__doubleNaN2int_05_good.c,95,3,184,1
CWE124_Buffer_Underwrite__CWE839_rand_07_good.c,124,6,133,1
CWE690_NULL_Deref_From_Return__struct_malloc_42_good.c,114,6,19,1
CWE590_Free_Memory_Not_on_Heap__free_int_static_44_good.c,124,9,197,1
CWE758_Undefined_Behavior__int_malloc_use_05_good.c,92,7,40,1
CWE121_Stack_Based_Buffer_Overflow__CWE805_char_alloca_memmove_18_good.c,150,3,1804,1
CWE191_Integer_Underflow__char_min_multiply_04_good.c,82,3,870,1
CWE122_Heap_Based_Buffer_Overflow__c_CWE193_wchar_t_loop_18_good.c,142,5,184,1
CWE121_Stack_Based_Buffer_Overflow__CWE805_wchar_t_alloca_memmove_12_good.c,172,3,1804,1
CWE252_Unchecked_Return_Value__char_fwrite_13_good.c,67,5,172,1
CWE121_Stack_Based_Buffer_Overflow__CWE805_char_alloca_snprintf_41_good.c,147,3,1804,1
CWE124_Buffer_Underwrite__wchar_t_alloca_ncpy_31_good.c,158,7,1091,1
CWE121_Stack_Based_Buffer_Overflow__CWE193_char_declare_loop_41_good.c,137,3,1804,1
CWE190_Integer_Overflow__char_max_multiply_03_good.c,86,3,870,1
CWE190_Integer_Overflow__short_max_postinc_02_good.c,76,3,1707,1
CWE252_Unchecked_Return_Value__wchar_t_putc_04_good.c,55,9,136,1
CWE191_Integer_Underflow__int64_t_rand_postdec_07_good.c,86,3,1707,1
CWE681_Incorrect_Conversion_Between_Numeric_Types__double2float_03_good.c,92,3,184,1
CWE457_Use_of_Uninitialized_Variable__struct_array_declare_no_init_14_good.c,109,2,238,1
CWE190_Integer_Overflow__short_fscanf_square_06_good.c,85,3,1707,1
CWE401_Memory_Leak__int_realloc_15_good.c,124,2,382,1
CWE590_Free_Memory_Not_on_Heap__free_int64_t_static_32_good.c,138,9,197,1
CWE190_Integer_Overflow__short_max_multiply_32_good.c,104,3,870,1
CWE190_Integer_Overflow__char_fscanf_preinc_18_good.c,81,3,1707,1
CWE590_Free_Memory_Not_on_Heap__free_char_static_09_good.c,94,9,197,1
CWE369_Divide_by_Zero__int_fscanf_modulo_31_good.c,75,3,184,1
CWE127_Buffer_Underread__char_alloca_memmove_10_good.c,148,7,1091,1
CWE134_Uncontrolled_Format_String__wchar_t_file_vfprintf_09_good.c,191,17,43,1
CWE681_Incorrect_Conversion_Between_Numeric_Types__double2int_14_good.c,92,3,184,1
CWE121_Stack_Based_Buffer_Overflow__CWE805_wchar_t_alloca_snprintf_31_good.c,151,3,1804,1
CWE253_Incorrect_Check_of_Function_Return_Value__wchar_t_fgets_16_good.c,88,6,38,1
CWE400_Resource_Exhaustion__fscanf_for_loop_11_good.c,97,3,56,1
CWE121_Stack_Based_Buffer_Overflow__CWE193_wchar_t_alloca_ncpy_02_good.c,133,3,1804,1
CWE252_Unchecked_Return_Value__char_sscanf_11_good.c,71,5,172,1
CWE124_Buffer_Underwrite__char_declare_memcpy_13_good.c,138,7,1091,1
CWE127_Buffer_Underread__wchar_t_alloca_memmove_12_good.c,162,7,1091,1
CWE121_Stack_Based_Buffer_Overflow__CWE131_memcpy_03_good.c,99,3,111,1
CWE127_Buffer_Underread__wchar_t_alloca_loop_11_good.c,169,7,1091,1
CWE191_Integer_Underflow__char_fscanf_multiply_41_good.c,89,3,870,1
CWE121_Stack_Based_Buffer_Overflow__CWE193_wchar_t_declare_memcpy_16_good.c,114,3,1804,1
CWE134_Uncontrolled_Format_String__wchar_t_file_vprintf_08_good.c,211,13,43,1
CWE121_Stack_Based_Buffer_Overflow__CWE805_struct_alloca_memmove_34_good.c,170,3,1804,1
CWE121_Stack_Based_Buffer_Overflow__dest_char_alloca_cpy_16_good.c,137,3,1804,1
CWE191_Integer_Underflow__int64_t_min_predec_16_good.c,81,3,1707,1
CWE127_Buffer_Underread__wchar_t_declare_memmove_01_good.c,135,7,1091,1
CWE124_Buffer_Underwrite__malloc_wchar_t_ncpy_16_good.c,172,7,1091,1
CWE191_Integer_Underflow__short_rand_postdec_13_good.c,85,3,1707,1
CWE124_Buffer_Underwrite__wchar_t_alloca_ncpy_02_good.c,150,7,1091,1
CWE122_Heap_Based_Buffer_Overflow__c_CWE193_char_cpy_10_good.c,111,5,184,1
CWE563_Unused_Variable__unused_uninit_variable_int64_t_09_good.c,49,4,55,1
CWE134_Uncontrolled_Format_String__wchar_t_file_vprintf_09_good.c,189,13,43,1
CWE134_Uncontrolled_Format_String__char_file_w32_vsnprintf_18_good.c,204,3,122,1
CWE190_Integer_Overflow__int_fgets_postinc_13_good.c,111,3,1707,1
CWE190_Integer_Overflow__char_fscanf_postinc_03_good.c,87,3,1707,1
CWE761_Free_Pointer_Not_at_Start_of_Buffer__char_file_34_good.c,204,37,63,1
CWE124_Buffer_Underwrite__CWE839_fgets_06_good.c,153,6,133,1
CWE121_Stack_Based_Buffer_Overflow__CWE805_int64_t_declare_memmove_10_good.c,98,3,1804,1
CWE675_Duplicate_Operations_on_Resource__freopen_13_good.c,83,2,145,1
CWE124_Buffer_Underwrite__wchar_t_alloca_loop_18_good.c,166,7,1091,1
CWE121_Stack_Based_Buffer_Overflow__CWE805_wchar_t_declare_memcpy_04_good.c,131,3,1804,1
CWE121_Stack_Based_Buffer_Overflow__CWE805_char_alloca_memmove_16_good.c,153,3,1804,1
CWE606_Unchecked_Loop_Condition__wchar_t_file_05_good.c,198,3,56,1
CWE134_Uncontrolled_Format_String__wchar_t_console_vprintf_08_good.c,223,13,43,1
CWE121_Stack_Based_Buffer_Overflow__CWE193_wchar_t_alloca_cpy_02_good.c,126,3,1804,1
CWE457_Use_of_Uninitialized_Variable__char_pointer_04_good.c,60,2,164,1
CWE126_Buffer_Overread__CWE170_char_memcpy_01_good.c,86,2,164,1
CWE415_Double_Free__malloc_free_int64_t_05_good.c,98,2,145,1
CWE195_Signed_to_Unsigned_Conversion_Error__negative_malloc_05_good.c,122,3,69,1
CWE127_Buffer_Underread__char_alloca_memmove_09_good.c,148,7,1091,1
CWE252_Unchecked_Return_Value__wchar_t_fprintf_01_good.c,49,9,136,1
CWE190_Integer_Overflow__short_fscanf_square_08_good.c,103,3,1707,1
CWE127_Buffer_Underread__malloc_wchar_t_memcpy_02_good.c,173,7,1091,1
CWE252_Unchecked_Return_Value__wchar_t_sscanf_01_good.c,65,9,136,1
CWE190_Integer_Overflow__int64_t_rand_add_06_good.c,85,3,1707,1
CWE121_Stack_Based_Buffer_Overflow__CWE193_wchar_t_declare_ncpy_32_good.c,138,3,1804,1
CWE191_Integer_Underflow__short_rand_sub_04_good.c,80,3,1707,1
CWE590_Free_Memory_Not_on_Heap__free_int_declare_10_good.c,104,9,197,1
CWE121_Stack_Based_Buffer_Overflow__CWE805_char_alloca_snprintf_15_good.c,148,3,1804,1
CWE195_Signed_to_Unsigned_Conversion_Error__negative_memmove_31_good.c,128,3,69,1
CWE134_Uncontrolled_Format_String__wchar_t_environment_vprintf_15_good.c,171,13,43,1
CWE606_Unchecked_Loop_Condition__char_file_05_good.c,195,3,870,1
CWE121_Stack_Based_Buffer_Overflow__char_type_overrun_memcpy_07_good.c,131,4,49,1
CWE190_Integer_Overflow__char_max_square_42_good.c,82,3,1707,1
CWE191_Integer_Underflow__char_min_multiply_42_good.c,88,3,870,1
CWE134_Uncontrolled_Format_String__wchar_t_environment_vfprintf_18_good.c,153,17,43,1
CWE134_Uncontrolled_Format_String__wchar_t_file_w32_vsnprintf_41_good.c,211,25,51,1
CWE563_Unused_Variable__unused_uninit_variable_struct_18_good.c,48,4,1,1
CWE134_Uncontrolled_Format_String__char_file_printf_03_good.c,152,2,164,1
CWE191_Integer_Underflow__int_min_sub_10_good.c,75,3,1707,1
CWE121_Stack_Based_Buffer_Overflow__CWE805_int64_t_alloca_memcpy_04_good.c,122,3,1804,1
CWE401_Memory_Leak__twoIntsStruct_calloc_07_good.c,120,2,382,1
CWE134_Uncontrolled_Format_String__char_console_vprintf_03_good.c,201,3,122,1
CWE252_Unchecked_Return_Value__char_fprintf_16_good.c,55,5,172,1
CWE272_Least_Privilege_Violation__w32_char_RegOpenKeyEx_18_good.c,82,3,1804,1
CWE127_Buffer_Underread__wchar_t_declare_cpy_08_good.c,150,7,1091,1
CWE124_Buffer_Underwrite__wchar_t_alloca_ncpy_18_good.c,149,7,1091,1
CWE121_Stack_Based_Buffer_Overflow__dest_wchar_t_alloca_cpy_41_good.c,146,3,1804,1
CWE121_Stack_Based_Buffer_Overflow__CWE805_char_declare_ncat_06_good.c,115,3,1804,1
CWE191_Integer_Underflow__short_rand_sub_34_good.c,86,3,1707,1
CWE690_NULL_Deref_From_Return__int64_t_calloc_06_good.c,91,3,870,1
CWE190_Integer_Overflow__char_fscanf_preinc_10_good.c,83,3,1707,1
CWE191_Integer_Underflow__char_fscanf_predec_01_good.c,71,3,1707,1
CWE190_Integer_Overflow__int_fscanf_square_11_good.c,85,3,1707,1
CWE369_Divide_by_Zero__int_rand_divide_02_good.c,71,3,870,1
CWE190_Integer_Overflow__short_max_square_02_good.c,75,3,1707,1
CWE617_Reachable_Assertion__rand_01_good.c,59,10,130,1
CWE195_Signed_to_Unsigned_Conversion_Error__negative_strncpy_32_good.c,151,3,69,1
CWE690_NULL_Deref_From_Return__long_malloc_07_good.c,90,3,870,1
CWE253_Incorrect_Check_of_Function_Return_Value__wchar_t_fgets_06_good.c,88,6,38,1
CWE121_Stack_Based_Buffer_Overflow__CWE805_wchar_t_declare_ncat_05_good.c,116,3,1804,1
CWE284_Improper_Access_Control__w32_wchar_t_SHRegCreateUSKey_08_good.c,106,3,1804,1
CWE194_Unexpected_Sign_Extension__negative_memcpy_34_good.c,133,6,48,1
CWE122_Heap_Based_Buffer_Overflow__sizeof_int64_t_02_good.c,97,4,55,1
CWE127_Buffer_Underread__malloc_wchar_t_ncpy_07_good.c,173,7,1091,1
CWE252_Unchecked_Return_Value__wchar_t_puts_11_good.c,52,9,136,1
CWE273_Improper_Check_for_Dropped_Privileges__w32_RpcImpersonateClient_08_good.c,69,5,172,1
CWE191_Integer_Underflow__int64_t_fscanf_postdec_32_good.c,107,3,1707,1
CWE190_Integer_Overflow__short_rand_preinc_34_good.c,87,3,1707,1
CWE284_Improper_Access_Control__w32_wchar_t_CreateFile_01_good.c,85,3,1804,1
CWE121_Stack_Based_Buffer_Overflow__CWE805_int64_t_alloca_memcpy_34_good.c,135,3,1804,1
CWE191_Integer_Underflow__char_rand_sub_15_good.c,99,3,1707,1
CWE190_Integer_Overflow__char_rand_add_31_good.c,81,3,1707,1
CWE369_Divide_by_Zero__float_zero_31_good.c,80,3,1707,1
CWE134_Uncontrolled_Format_String__wchar_t_file_fprintf_18_good.c,150,24,8,1
CWE590_Free_Memory_Not_on_Heap__free_int_declare_14_good.c,106,9,197,1
CWE134_Uncontrolled_Format_String__wchar_t_console_snprintf_31_good.c,186,24,58,1
CWE590_Free_Memory_Not_on_Heap__free_char_declare_07_good.c,96,9,197,1
CWE191_Integer_Underflow__int_min_multiply_07_good.c,85,3,870,1
CWE563_Unused_Variable__unused_uninit_variable_int64_t_07_good.c,51,4,55,1
CWE665_Improper_Initialization__wchar_t_ncat_31_good.c,121,8,2,1
CWE252_Unchecked_Return_Value__wchar_t_sscanf_04_good.c,71,9,136,1
CWE191_Integer_Underflow__int_min_sub_06_good.c,79,3,1707,1
CWE391_Unchecked_Error_Condition__sqrt_16_good.c,70,3,35,1
CWE272_Least_Privilege_Violation__w32_wchar_t_RegCreateKey_03_good.c,82,3,1804,1
CWE127_Buffer_Underread__CWE839_negative_02_good.c,94,6,133,1
CWE226_Sensitive_Information_Uncleared_Before_Release__w32_char_alloca_02_good.c,167,3,111,1
CWE401_Memory_Leak__wchar_t_malloc_31_good.c,105,2,382,1
CWE457_Use_of_Uninitialized_Variable__char_pointer_06_good.c,64,2,164,1
CWE191_Integer_Underflow__int_rand_postdec_07_good.c,82,3,1707,1
CWE690_NULL_Deref_From_Return__int_realloc_09_good.c,90,3,870,1
CWE665_Improper_Initialization__char_ncat_13_good.c,113,2,38,1
CWE191_Integer_Underflow__char_fscanf_multiply_14_good.c,92,3,870,1
CWE369_Divide_by_Zero__float_fgets_14_good.c,116,3,1707,1
CWE134_Uncontrolled_Format_String__wchar_t_console_snprintf_06_good.c,188,24,58,1
CWE457_Use_of_Uninitialized_Variable__struct_array_declare_no_init_10_good.c,105,2,238,1
CWE401_Memory_Leak__char_calloc_31_good.c,104,2,382,1
CWE369_Divide_by_Zero__int_fscanf_modulo_32_good.c,98,3,184,1
CWE191_Integer_Underflow__int64_t_min_predec_12_good.c,116,9,9,1
CWE122_Heap_Based_Buffer_Overflow__c_CWE193_wchar_t_memmove_04_good.c,125,5,184,1
CWE121_Stack_Based_Buffer_Overflow__CWE805_wchar_t_alloca_memmove_14_good.c,157,3,1804,1
CWE126_Buffer_Overread__wchar_t_alloca_loop_05_good.c,214,3,1804,1
CWE190_Integer_Overflow__int_max_add_41_good.c,76,3,1707,1
CWE690_NULL_Deref_From_Return__wchar_t_realloc_11_good.c,90,3,870,1
CWE191_Integer_Underflow__int_fscanf_predec_04_good.c,82,3,1707,1
CWE401_Memory_Leak__int64_t_realloc_07_good.c,111,2,382,1
CWE126_Buffer_Overread__wchar_t_alloca_loop_41_good.c,222,3,1804,1
CWE191_Integer_Underflow__char_min_sub_42_good.c,82,3,1707,1
CWE126_Buffer_Overread__char_alloca_memcpy_08_good.c,207,3,113,1
CWE190_Integer_Overflow__int64_t_rand_postinc_09_good.c,82,3,1707,1
CWE665_Improper_Initialization__char_ncat_12_good.c,123,2,38,1
CWE124_Buffer_Underwrite__CWE839_rand_03_good.c,124,6,133,1
CWE122_Heap_Based_Buffer_Overflow__c_CWE193_char_memmove_13_good.c,127,5,184,1
CWE127_Buffer_Underread__char_declare_memcpy_32_good.c,169,7,1091,1
CWE690_NULL_Deref_From_Return__long_malloc_03_good.c,90,3,870,1
CWE134_Uncontrolled_Format_String__wchar_t_console_vfprintf_02_good.c,203,17,43,1
CWE338_Weak_PRNG__w32_02_good.c,58,17,12,1
CWE126_Buffer_Overread__CWE170_char_memcpy_10_good.c,92,2,164,1
CWE401_Memory_Leak__int_calloc_31_good.c,106,2,382,1
CWE134_Uncontrolled_Format_String__wchar_t_console_printf_07_good.c,166,13,32,1
CWE391_Unchecked_Error_Condition__sqrt_10_good.c,68,3,35,1
CWE191_Integer_Underflow__int64_t_fscanf_postdec_34_good.c,90,3,1707,1
CWE122_Heap_Based_Buffer_Overflow__CWE131_loop_13_good.c,132,3,111,1
CWE457_Use_of_Uninitialized_Variable__char_pointer_16_good.c,64,2,164,1
CWE252_Unchecked_Return_Value__wchar_t_puts_10_good.c,50,9,136,1
CWE190_Integer_Overflow__int_fgets_multiply_04_good.c,112,3,870,1
CWE127_Buffer_Underread__wchar_t_alloca_ncpy_16_good.c,153,7,1091,1
CWE134_Uncontrolled_Format_String__char_file_printf_10_good.c,148,2,164,1
CWE690_NULL_Deref_From_Return__int64_t_realloc_32_good.c,124,11,18,1
CWE665_Improper_Initialization__wchar_t_ncat_13_good.c,115,4,55,1
CWE191_Integer_Underflow__int64_t_fscanf_postdec_14_good.c,88,3,1707,1
CWE134_Uncontrolled_Format_String__char_environment_snprintf_05_good.c,134,2,164,1
CWE191_Integer_Underflow__int64_t_min_sub_12_good.c,114,9,9,1
CWE121_Stack_Based_Buffer_Overflow__CWE193_char_declare_cpy_01_good.c,91,3,1804,1
CWE606_Unchecked_Loop_Condition__char_console_06_good.c,209,3,870,1
CWE134_Uncontrolled_Format_String__wchar_t_console_vfprintf_18_good.c,201,17,43,1
CWE134_Uncontrolled_Format_String__char_file_fprintf_18_good.c,148,2,164,1
CWE190_Integer_Overflow__char_rand_preinc_05_good.c,82,3,1707,1
CWE134_Uncontrolled_Format_String__wchar_t_environment_printf_09_good.c,114,13,32,1
CWE190_Integer_Overflow__int_fgets_postinc_02_good.c,107,3,1707,1
CWE191_Integer_Underflow__short_fscanf_predec_09_good.c,82,3,1707,1
CWE457_Use_of_Uninitialized_Variable__double_array_alloca_no_init_08_good.c,121,2,238,1
CWE467_Use_of_sizeof_on_Pointer_Type__short_07_good.c,96,44,8,1
CWE190_Integer_Overflow__char_rand_preinc_06_good.c,86,3,1707,1
CWE190_Integer_Overflow__char_rand_preinc_01_good.c,70,3,1707,1
CWE121_Stack_Based_Buffer_Overflow__CWE805_int64_t_alloca_memmove_03_good.c,124,3,1804,1
CWE191_Integer_Underflow__short_min_postdec_05_good.c,76,3,1707,1
CWE124_Buffer_Underwrite__char_declare_loop_15_good.c,159,7,1091,1
CWE563_Unused_Variable__unused_init_variable_wchar_t_03_good.c,55,2,382,1
CWE226_Sensitive_Information_Uncleared_Before_Release__w32_char_declare_15_good.c,159,3,111,1
CWE121_Stack_Based_Buffer_Overflow__CWE193_char_declare_memmove_44_good.c,131,3,1804,1
CWE252_Unchecked_Return_Value__char_snprintf_07_good.c,80,5,172,1
CWE191_Integer_Underflow__short_fscanf_postdec_02_good.c,82,3,1707,1
CWE124_Buffer_Underwrite__wchar_t_declare_memcpy_18_good.c,140,7,1091,1
CWE121_Stack_Based_Buffer_Overflow__CWE193_char_declare_memcpy_12_good.c,127,3,1804,1
CWE590_Free_Memory_Not_on_Heap__free_int_static_32_good.c,137,9,197,1
CWE476_NULL_Pointer_Dereference__wchar_t_02_good.c,66,3,870,1
CWE134_Uncontrolled_Format_String__wchar_t_environment_printf_14_good.c,118,13,32,1
CWE252_Unchecked_Return_Value__wchar_t_remove_13_good.c,52,11,10,1
CWE191_Integer_Underflow__int64_t_fscanf_postdec_16_good.c,88,3,1707,1
CWE190_Integer_Overflow__int_max_postinc_09_good.c,76,3,1707,1
CWE121_Stack_Based_Buffer_Overflow__CWE193_char_declare_ncpy_34_good.c,117,3,1804,1
CWE190_Integer_Overflow__int_fgets_square_32_good.c,129,3,1707,1
CWE191_Integer_Underflow__short_fscanf_multiply_41_good.c,88,3,870,1
CWE191_Integer_Underflow__short_rand_postdec_04_good.c,81,3,1707,1
CWE191_Integer_Underflow__int_fgets_sub_42_good.c,112,3,1707,1
CWE126_Buffer_Overread__char_alloca_loop_11_good.c,209,3,113,1
CWE284_Improper_Access_Control__w32_char_CreateDesktop_04_good.c,88,3,1804,1
CWE191_Integer_Underflow__int_rand_postdec_05_good.c,78,3,1707,1
CWE190_Integer_Overflow__int_rand_add_01_good.c,65,3,1707,1
CWE190_Integer_Overflow__short_rand_square_44_good.c,92,3,1707,1
CWE476_NULL_Pointer_Dereference__wchar_t_32_good.c,93,3,184,1
CWE426_Untrusted_Search_Path__char_system_31_good.c,91,3,1804,1
CWE190_Integer_Overflow__int_rand_add_11_good.c,81,3,1707,1
CWE121_Stack_Based_Buffer_Overflow__wchar_t_type_overrun_memcpy_02_good.c,130,4,49,1
CWE121_Stack_Based_Buffer_Overflow__CWE805_wchar_t_declare_ncpy_03_good.c,130,3,1804,1
CWE122_Heap_Based_Buffer_Overflow__c_CWE129_rand_42_good.c,175,3,224,1
CWE190_Integer_Overflow__short_max_postinc_14_good.c,80,3,1707,1
CWE121_Stack_Based_Buffer_Overflow__CWE805_char_declare_loop_01_good.c,135,3,1804,1
CWE191_Integer_Underflow__int64_t_min_multiply_04_good.c,82,3,870,1
CWE401_Memory_Leak__char_realloc_42_good.c,112,2,382,1
CWE190_Integer_Overflow__short_rand_square_08_good.c,102,3,1707,1
CWE606_Unchecked_Loop_Condition__wchar_t_console_16_good.c,214,3,56,1
CWE134_Uncontrolled_Format_String__char_file_snprintf_18_good.c,167,2,164,1
CWE121_Stack_Based_Buffer_Overflow__CWE805_int64_t_alloca_memcpy_08_good.c,142,3,1804,1
CWE773_Missing_Reference_to_Active_File_Descriptor_or_Handle__fopen_32_good.c,116,4,16,1
CWE121_Stack_Based_Buffer_Overflow__dest_char_alloca_cat_41_good.c,143,3,1804,1
CWE191_Integer_Underflow__int64_t_min_sub_07_good.c,80,3,1707,1
CWE252_Unchecked_Return_Value__wchar_t_fwrite_07_good.c,69,13,13,1
CWE690_NULL_Deref_From_Return__int64_t_malloc_12_good.c,123,3,870,1
CWE134_Uncontrolled_Format_String__wchar_t_file_w32_vsnprintf_31_good.c,211,25,51,1
CWE195_Signed_to_Unsigned_Conversion_Error__negative_malloc_02_good.c,122,3,69,1
CWE400_Resource_Exhaustion__rand_for_loop_34_good.c,95,3,56,1
CWE773_Missing_Reference_to_Active_File_Descriptor_or_Handle__fopen_42_good.c,75,4,16,1
CWE191_Integer_Underflow__char_rand_predec_02_good.c,82,3,1707,1
CWE252_Unchecked_Return_Value__char_w32CreateMutex_09_good.c,67,2,133,1
CWE369_Divide_by_Zero__int_rand_modulo_34_good.c,77,3,184,1
CWE401_Memory_Leak__malloc_realloc_int64_t_16_good.c,145,9,71,1
CWE401_Memory_Leak__char_calloc_14_good.c,106,2,382,1
CWE191_Integer_Underflow__int64_t_rand_sub_44_good.c,93,3,1707,1
CWE126_Buffer_Overread__char_declare_loop_34_good.c,196,3,113,1
CWE122_Heap_Based_Buffer_Overflow__CWE131_memcpy_02_good.c,116,3,111,1
CWE190_Integer_Overflow__int_fgets_postinc_08_good.c,129,3,1707,1
CWE416_Use_After_Free__malloc_free_long_11_good.c,132,14,26,1
CWE401_Memory_Leak__malloc_realloc_twoIntsStruct_16_good.c,167,9,71,1
CWE390_Error_Without_Action__fgets_wchar_t_06_good.c,93,3,13,1
CWE457_Use_of_Uninitialized_Variable__double_array_alloca_no_init_02_good.c,99,2,238,1
CWE121_Stack_Based_Buffer_Overflow__CWE193_char_alloca_ncpy_41_good.c,140,3,1804,1
CWE126_Buffer_Overread__wchar_t_alloca_loop_16_good.c,216,3,1804,1
CWE134_Uncontrolled_Format_String__char_console_w32_vsnprintf_06_good.c,220,3,122,1
CWE401_Memory_Leak__int64_t_calloc_34_good.c,112,2,382,1
CWE121_Stack_Based_Buffer_Overflow__CWE805_int_alloca_memcpy_34_good.c,135,3,1804,1
CWE127_Buffer_Underread__wchar_t_alloca_ncpy_06_good.c,153,7,1091,1
CWE121_Stack_Based_Buffer_Overflow__CWE805_wchar_t_declare_memcpy_01_good.c,125,3,1804,1
CWE121_Stack_Based_Buffer_Overflow__CWE805_char_declare_memmove_18_good.c,126,3,1804,1
CWE127_Buffer_Underread__char_declare_loop_12_good.c,159,7,1091,1
CWE121_Stack_Based_Buffer_Overflow__CWE805_wchar_t_declare_snprintf_15_good.c,128,3,1804,1
CWE194_Unexpected_Sign_Extension__rand_memcpy_13_good.c,127,16,88,1
CWE126_Buffer_Overread__char_declare_memmove_13_good.c,165,3,113,1
CWE563_Unused_Variable__unused_uninit_variable_struct_06_good.c,51,4,55,1
CWE121_Stack_Based_Buffer_Overflow__CWE805_wchar_t_declare_memcpy_02_good.c,131,3,1804,1
CWE690_NULL_Deref_From_Return__struct_calloc_09_good.c,100,3,870,1
CWE685_Function_Call_With_Incorrect_Number_of_Arguments__basic_08_good.c,87,2,164,1
CWE122_Heap_Based_Buffer_Overflow__c_CWE193_wchar_t_memmove_14_good.c,127,5,184,1
CWE121_Stack_Based_Buffer_Overflow__CWE805_int_declare_memcpy_05_good.c,98,3,1804,1
CWE369_Divide_by_Zero__float_zero_18_good.c,78,3,1707,1
CWE401_Memory_Leak__wchar_t_malloc_11_good.c,107,2,382,1
CWE190_Integer_Overflow__int_rand_multiply_41_good.c,84,3,870,1
CWE190_Integer_Overflow__short_rand_preinc_13_good.c,85,3,1707,1
CWE121_Stack_Based_Buffer_Overflow__CWE193_char_alloca_cpy_16_good.c,127,3,1804,1
CWE121_Stack_Based_Buffer_Overflow__wchar_t_type_overrun_memmove_18_good.c,129,4,49,1
CWE121_Stack_Based_Buffer_Overflow__CWE805_wchar_t_declare_snprintf_12_good.c,136,3,1804,1
CWE127_Buffer_Underread__malloc_wchar_t_loop_03_good.c,189,7,1091,1
CWE134_Uncontrolled_Format_String__char_console_vprintf_08_good.c,219,3,122,1
CWE124_Buffer_Underwrite__malloc_wchar_t_cpy_10_good.c,156,7,1091,1
CWE761_Free_Pointer_Not_at_Start_of_Buffer__char_fixed_string_42_good.c,135,37,63,1
CWE124_Buffer_Underwrite__wchar_t_alloca_memmove_06_good.c,155,7,1091,1
CWE467_Use_of_sizeof_on_Pointer_Type__short_01_good.c,88,44,15,1
CWE391_Unchecked_Error_Condition__wcstombs_10_good.c,91,3,35,1
CWE124_Buffer_Underwrite__malloc_wchar_t_ncpy_09_good.c,170,7,1091,1
CWE761_Free_Pointer_Not_at_Start_of_Buffer__char_file_01_good.c,185,37,63,1
CWE121_Stack_Based_Buffer_Overflow__CWE193_wchar_t_alloca_ncpy_14_good.c,135,3,1804,1
CWE191_Integer_Underflow__int64_t_rand_postdec_31_good.c,82,3,1707,1
CWE122_Heap_Based_Buffer_Overflow__c_CWE193_wchar_t_ncpy_11_good.c,120,5,184,1
CWE127_Buffer_Underread__char_alloca_ncpy_13_good.c,148,7,1091,1
CWE252_Unchecked_Return_Value__char_sscanf_08_good.c,89,5,172,1
CWE127_Buffer_Underread__CWE839_rand_42_good.c,101,6,133,1
CWE121_Stack_Based_Buffer_Overflow__dest_char_alloca_cpy_44_good.c,155,3,1804,1
CWE124_Buffer_Underwrite__malloc_wchar_t_loop_11_good.c,189,7,1091,1
CWE121_Stack_Based_Buffer_Overflow__CWE805_int64_t_declare_loop_34_good.c,127,3,1804,1
CWE122_Heap_Based_Buffer_Overflow__c_CWE129_large_31_good.c,167,3,224,1
CWE127_Buffer_Underread__wchar_t_declare_cpy_04_good.c,130,7,1091,1
CWE195_Signed_to_Unsigned_Conversion_Error__negative_memmove_15_good.c,131,3,69,1
CWE190_Integer_Overflow__short_fscanf_multiply_02_good.c,87,3,870,1
CWE606_Unchecked_Loop_Condition__char_environment_34_good.c,167,3,870,1
CWE190_Integer_Overflow__int64_t_max_postinc_15_good.c,95,3,1707,1
CWE401_Memory_Leak__wchar_t_calloc_05_good.c,103,2,382,1
CWE272_Least_Privilege_Violation__w32_wchar_t_SHRegOpenUSKey_15_good.c,93,3,1804,1
CWE121_Stack_Based_Buffer_Overflow__dest_char_declare_cat_07_good.c,113,3,1804,1
CWE195_Signed_to_Unsigned_Conversion_Error__negative_memcpy_16_good.c,124,3,69,1
CWE590_Free_Memory_Not_on_Heap__free_int_static_07_good.c,106,9,197,1
CWE126_Buffer_Overread__char_declare_loop_04_good.c,183,3,113,1
CWE690_NULL_Deref_From_Return__long_malloc_13_good.c,90,3,870,1
CWE191_Integer_Underflow__char_rand_multiply_32_good.c,110,3,870,1
CWE272_Least_Privilege_Violation__w32_wchar_t_RegCreateKeyEx_18_good.c,91,3,1804,1
CWE191_Integer_Underflow__char_fscanf_postdec_09_good.c,83,3,1707,1
CWE190_Integer_Overflow__short_fscanf_multiply_11_good.c,91,3,870,1
CWE134_Uncontrolled_Format_String__wchar_t_environment_vprintf_11_good.c,157,13,43,1
CWE457_Use_of_Uninitialized_Variable__struct_array_malloc_no_init_09_good.c,125,2,238,1
CWE127_Buffer_Underread__CWE839_fgets_34_good.c,130,6,133,1
CWE127_Buffer_Underread__wchar_t_declare_cpy_41_good.c,138,7,1091,1
CWE127_Buffer_Underread__malloc_wchar_t_memmove_11_good.c,175,7,1091,1
CWE127_Buffer_Underread__char_alloca_memmove_06_good.c,150,7,1091,1
CWE190_Integer_Overflow__int64_t_fscanf_square_09_good.c,83,3,1707,1
CWE190_Integer_Overflow__short_max_preinc_14_good.c,80,3,1707,1
CWE401_Memory_Leak__wchar_t_calloc_44_good.c,117,2,382,1
CWE121_Stack_Based_Buffer_Overflow__CWE805_char_alloca_ncpy_05_good.c,148,3,1804,1
CWE190_Integer_Overflow__short_max_add_16_good.c,79,3,1707,1
CWE124_Buffer_Underwrite__CWE839_fgets_08_good.c,171,6,133,1
CWE484_Omitted_Break_Statement_in_Switch__basic_16_good.c,82,2,11,1
CWE190_Integer_Overflow__char_fscanf_multiply_32_good.c,111,3,870,1
CWE121_Stack_Based_Buffer_Overflow__CWE805_char_alloca_ncat_05_good.c,137,3,1804,1
CWE127_Buffer_Underread__char_alloca_memcpy_11_good.c,150,7,1091,1
CWE272_Least_Privilege_Violation__w32_wchar_t_RegOpenKeyEx_05_good.c,84,3,1804,1
CWE467_Use_of_sizeof_on_Pointer_Type__short_04_good.c,94,44,15,1
CWE401_Memory_Leak__wchar_t_malloc_34_good.c,110,2,382,1
CWE190_Integer_Overflow__char_max_postinc_31_good.c,77,3,1707,1
CWE134_Uncontrolled_Format_String__char_console_vprintf_15_good.c,215,3,122,1
CWE191_Integer_Underflow__char_fscanf_multiply_31_good.c,88,3,870,1
CWE415_Double_Free__malloc_free_char_02_good.c,98,2,145,1
CWE190_Integer_Overflow__int_fgets_multiply_31_good.c,112,3,870,1
CWE338_Weak_PRNG__w32_16_good.c,60,17,12,1
CWE426_Untrusted_Search_Path__char_system_18_good.c,82,3,1804,1
CWE126_Buffer_Overread__wchar_t_declare_memcpy_06_good.c,172,3,1804,1
CWE127_Buffer_Underread__malloc_wchar_t_loop_09_good.c,187,7,1091,1
CWE191_Integer_Underflow__short_fscanf_postdec_12_good.c,121,12,7,1
CWE121_Stack_Based_Buffer_Overflow__wchar_t_type_overrun_memmove_04_good.c,130,4,49,1
CWE121_Stack_Based_Buffer_Overflow__CWE805_struct_declare_memmove_05_good.c,133,3,1804,1
CWE191_Integer_Underflow__int64_t_fscanf_multiply_09_good.c,89,3,870,1
CWE122_Heap_Based_Buffer_Overflow__c_CWE193_char_ncpy_15_good.c,127,5,184,1
CWE284_Improper_Access_Control__w32_wchar_t_CreateFile_11_good.c,93,3,1804,1
CWE665_Improper_Initialization__char_cat_16_good.c,101,2,38,1
CWE535_Info_Exposure_Shell_Error__w32_wchar_t_15_good.c,179,5,26,1
CWE134_Uncontrolled_Format_String__char_console_w32_vsnprintf_18_good.c,214,3,122,1
CWE121_Stack_Based_Buffer_Overflow__dest_char_declare_cat_34_good.c,124,3,1804,1
CWE426_Untrusted_Search_Path__wchar_t_system_10_good.c,84,3,1804,1
CWE690_NULL_Deref_From_Return__wchar_t_calloc_09_good.c,86,3,870,1
CWE121_Stack_Based_Buffer_Overflow__CWE193_char_declare_loop_10_good.c,129,3,1804,1
CWE122_Heap_Based_Buffer_Overflow__CWE131_loop_04_good.c,130,3,111,1
CWE761_Free_Pointer_Not_at_Start_of_Buffer__wchar_t_fixed_string_10_good.c,123,35,46,1
CWE134_Uncontrolled_Format_String__char_environment_fprintf_01_good.c,103,2,164,1
CWE252_Unchecked_Return_Value__char_putchar_16_good.c,54,5,172,1
CWE134_Uncontrolled_Format_String__char_console_vfprintf_14_good.c,203,3,122,1
CWE391_Unchecked_Error_Condition__wcstombs_16_good.c,93,3,35,1
CWE121_Stack_Based_Buffer_Overflow__CWE805_char_alloca_memcpy_32_good.c,184,3,1804,1
CWE272_Least_Privilege_Violation__w32_wchar_t_RegCreateKeyEx_02_good.c,92,3,1804,1
CWE127_Buffer_Underread__wchar_t_declare_memcpy_06_good.c,143,7,1091,1
CWE127_Buffer_Underread__wchar_t_alloca_loop_14_good.c,169,7,1091,1
CWE415_Double_Free__malloc_free_char_31_good.c,100,2,145,1
CWE134_Uncontrolled_Format_String__char_console_vprintf_34_good.c,199,19,6,1
CWE191_Integer_Underflow__int_fgets_multiply_13_good.c,116,3,870,1
CWE690_NULL_Deref_From_Return__long_realloc_09_good.c,90,3,870,1
CWE191_Integer_Underflow__int_rand_predec_11_good.c,82,3,1707,1
CWE191_Integer_Underflow__int_fgets_postdec_05_good.c,107,3,1707,1
CWE563_Unused_Variable__unused_init_variable_int_18_good.c,51,2,382,1
CWE121_Stack_Based_Buffer_Overflow__CWE193_wchar_t_alloca_ncpy_08_good.c,153,3,1804,1
CWE369_Divide_by_Zero__int_rand_modulo_01_good.c,59,3,184,1
CWE121_Stack_Based_Buffer_Overflow__CWE805_wchar_t_declare_loop_18_good.c,144,3,1804,1
CWE690_NULL_Deref_From_Return__int64_t_realloc_01_good.c,85,11,18,1
CWE590_Free_Memory_Not_on_Heap__free_int64_t_declare_11_good.c,107,9,197,1
CWE476_NULL_Pointer_Dereference__struct_09_good.c,65,3,870,1
CWE191_Integer_Underflow__short_min_multiply_11_good.c,85,3,870,1
CWE457_Use_of_Uninitialized_Variable__struct_array_declare_partial_init_15_good.c,164,2,238,1
CWE121_Stack_Based_Buffer_Overflow__dest_wchar_t_alloca_cat_02_good.c,138,3,1804,1
CWE194_Unexpected_Sign_Extension__negative_malloc_18_good.c,120,3,18,1
CWE124_Buffer_Underwrite__CWE839_fscanf_14_good.c,128,6,133,1
CWE761_Free_Pointer_Not_at_Start_of_Buffer__wchar_t_console_15_good.c,215,33,17,1
CWE190_Integer_Overflow__int64_t_max_postinc_05_good.c,77,3,1707,1
CWE272_Least_Privilege_Violation__w32_wchar_t_SHRegOpenUSKey_02_good.c,84,3,1804,1
CWE252_Unchecked_Return_Value__char_scanf_11_good.c,69,5,172,1
CWE121_Stack_Based_Buffer_Overflow__CWE805_char_alloca_memcpy_04_good.c,151,3,1804,1
CWE761_Free_Pointer_Not_at_Start_of_Buffer__wchar_t_environment_13_good.c,160,35,46,1
CWE134_Uncontrolled_Format_String__wchar_t_environment_printf_42_good.c,122,16,9,1
CWE121_Stack_Based_Buffer_Overflow__CWE805_struct_declare_memmove_12_good.c,142,3,1804,1
CWE758_Undefined_Behavior__int_malloc_use_13_good.c,94,7,40,1
CWE195_Signed_to_Unsigned_Conversion_Error__negative_memmove_34_good.c,134,3,69,1
CWE121_Stack_Based_Buffer_Overflow__CWE193_wchar_t_declare_ncpy_18_good.c,104,3,1804,1
CWE190_Integer_Overflow__short_fscanf_square_07_good.c,85,3,1707,1
CWE190_Integer_Overflow__int_max_multiply_11_good.c,85,3,870,1
CWE761_Free_Pointer_Not_at_Start_of_Buffer__char_file_42_good.c,205,37,63,1
CWE457_Use_of_Uninitialized_Variable__char_pointer_02_good.c,60,2,164,1
CWE126_Buffer_Overread__char_alloca_memmove_16_good.c,189,3,113,1
CWE401_Memory_Leak__strdup_char_05_good.c,80,2,382,1
CWE252_Unchecked_Return_Value__wchar_t_snprintf_10_good.c,80,9,136,1
CWE535_Info_Exposure_Shell_Error__w32_wchar_t_05_good.c,170,5,26,1
CWE121_Stack_Based_Buffer_Overflow__CWE805_wchar_t_alloca_ncpy_14_good.c,154,3,1804,1
CWE667_Improper_Locking__basic_08_good.c,93,3,111,1
CWE190_Integer_Overflow__char_max_preinc_41_good.c,78,3,1707,1
CWE121_Stack_Based_Buffer_Overflow__char_type_overrun_memcpy_18_good.c,128,4,49,1
CWE191_Integer_Underflow__int_rand_multiply_18_good.c,81,3,870,1
CWE121_Stack_Based_Buffer_Overflow__dest_wchar_t_declare_cat_07_good.c,116,3,1804,1
CWE124_Buffer_Underwrite__char_alloca_loop_03_good.c,164,7,1091,1
CWE134_Uncontrolled_Format_String__wchar_t_file_printf_41_good.c,152,13,32,1
CWE457_Use_of_Uninitialized_Variable__double_array_malloc_partial_init_16_good.c,150,2,238,1
CWE190_Integer_Overflow__int64_t_max_preinc_08_good.c,99,3,1707,1
CWE190_Integer_Overflow__int_max_multiply_04_good.c,81,3,870,1
CWE126_Buffer_Overread__wchar_t_declare_memcpy_18_good.c,169,3,1804,1
CWE134_Uncontrolled_Format_String__wchar_t_environment_vfprintf_14_good.c,159,17,43,1
CWE369_Divide_by_Zero__int_zero_divide_13_good.c,73,3,870,1
CWE252_Unchecked_Return_Value__char_scanf_16_good.c,69,5,172,1
CWE226_Sensitive_Information_Uncleared_Before_Release__w32_char_declare_04_good.c,150,3,111,1
CWE124_Buffer_Underwrite__CWE839_fscanf_32_good.c,147,6,133,1
CWE126_Buffer_Overread__char_declare_memmove_09_good.c,163,3,113,1
CWE415_Double_Free__malloc_free_int64_t_15_good.c,116,2,145,1
CWE590_Free_Memory_Not_on_Heap__free_long_declare_16_good.c,106,9,197,1
CWE457_Use_of_Uninitialized_Variable__double_03_good.c,63,2,164,1
CWE690_NULL_Deref_From_Return__wchar_t_malloc_41_good.c,94,3,59,1
CWE134_Uncontrolled_Format_String__char_file_w32_vsnprintf_06_good.c,210,3,122,1
CWE124_Buffer_Underwrite__wchar_t_alloca_ncpy_16_good.c,152,7,1091,1
CWE134_Uncontrolled_Format_String__char_console_w32_vsnprintf_03_good.c,220,3,122,1
CWE416_Use_After_Free__malloc_free_wchar_t_02_good.c,120,9,11,1
CWE476_NULL_Pointer_Dereference__int64_t_13_good.c,68,3,870,1
CWE127_Buffer_Underread__wchar_t_alloca_ncpy_03_good.c,153,7,1091,1
CWE127_Buffer_Underread__malloc_wchar_t_loop_41_good.c,195,7,1091,1
CWE121_Stack_Based_Buffer_Overflow__CWE805_char_alloca_ncpy_04_good.c,148,3,1804,1
CWE122_Heap_Based_Buffer_Overflow__c_CWE129_rand_14_good.c,173,3,224,1
CWE563_Unused_Variable__unused_init_variable_struct_02_good.c,60,2,382,1
CWE126_Buffer_Overread__char_declare_memcpy_14_good.c,165,3,113,1
CWE190_Integer_Overflow__int_fgets_postinc_01_good.c,95,3,1707,1
CWE190_Integer_Overflow__int64_t_rand_postinc_11_good.c,86,3,1707,1
CWE121_Stack_Based_Buffer_Overflow__CWE805_int64_t_declare_loop_06_good.c,116,3,1804,1
CWE124_Buffer_Underwrite__malloc_wchar_t_ncpy_10_good.c,170,7,1091,1
CWE134_Uncontrolled_Format_String__wchar_t_file_vprintf_42_good.c,197,13,43,1
CWE191_Integer_Underflow__char_rand_postdec_16_good.c,86,3,1707,1
CWE690_NULL_Deref_From_Return__char_realloc_11_good.c,89,3,870,1
CWE190_Integer_Overflow__int_fscanf_square_02_good.c,81,3,1707,1
CWE401_Memory_Leak__char_malloc_03_good.c,106,2,382,1
CWE401_Memory_Leak__twoIntsStruct_realloc_16_good.c,122,2,382,1
CWE121_Stack_Based_Buffer_Overflow__CWE805_wchar_t_alloca_ncat_07_good.c,142,3,1804,1
CWE121_Stack_Based_Buffer_Overflow__CWE805_wchar_t_declare_ncpy_16_good.c,130,3,1804,1
CWE190_Integer_Overflow__char_rand_multiply_42_good.c,93,3,870,1
CWE191_Integer_Underflow__int_fscanf_predec_41_good.c,83,3,1707,1
CWE121_Stack_Based_Buffer_Overflow__CWE805_int64_t_alloca_memcpy_32_good.c,155,3,1804,1
CWE134_Uncontrolled_Format_String__wchar_t_environment_fprintf_09_good.c,116,19,36,1
CWE121_Stack_Based_Buffer_Overflow__CWE193_wchar_t_alloca_cpy_41_good.c,134,3,1804,1
CWE467_Use_of_sizeof_on_Pointer_Type__char_18_good.c,93,44,12,1
CWE134_Uncontrolled_Format_String__char_console_fprintf_11_good.c,164,2,164,1
CWE195_Signed_to_Unsigned_Conversion_Error__negative_strncpy_16_good.c,124,3,69,1
CWE121_Stack_Based_Buffer_Overflow__CWE805_int_declare_memcpy_41_good.c,106,3,1804,1
CWE121_Stack_Based_Buffer_Overflow__dest_char_declare_cpy_09_good.c,111,3,1804,1
CWE426_Untrusted_Search_Path__char_popen_02_good.c,95,3,1804,1
CWE191_Integer_Underflow__int64_t_min_sub_01_good.c,64,3,1707,1
CWE122_Heap_Based_Buffer_Overflow__sizeof_struct_34_good.c,115,4,55,1
CWE191_Integer_Underflow__int_fscanf_sub_01_good.c,69,3,1707,1
CWE124_Buffer_Underwrite__wchar_t_declare_cpy_15_good.c,133,7,1091,1
CWE134_Uncontrolled_Format_String__char_console_printf_13_good.c,162,2,164,1
CWE127_Buffer_Underread__char_alloca_cpy_18_good.c,137,7,1091,1
CWE121_Stack_Based_Buffer_Overflow__CWE193_char_declare_loop_02_good.c,129,3,1804,1
CWE761_Free_Pointer_Not_at_Start_of_Buffer__wchar_t_fixed_string_42_good.c,137,35,46,1
CWE191_Integer_Underflow__short_min_sub_08_good.c,97,3,1707,1
CWE191_Integer_Underflow__char_rand_postdec_13_good.c,86,3,1707,1
CWE391_Unchecked_Error_Condition__sqrt_03_good.c,70,3,35,1
CWE121_Stack_Based_Buffer_Overflow__CWE805_char_alloca_memcpy_09_good.c,151,3,1804,1
CWE252_Unchecked_Return_Value__wchar_t_fputc_09_good.c,55,9,136,1
CWE476_NULL_Pointer_Dereference__wchar_t_44_good.c,80,3,59,1
CWE190_Integer_Overflow__char_fscanf_square_09_good.c,82,3,1707,1
CWE191_Integer_Underflow__char_rand_multiply_42_good.c,93,3,870,1
CWE242_Use_of_Inherently_Dangerous_Function__basic_07_good.c,92,5,12,1
CWE122_Heap_Based_Buffer_Overflow__c_CWE193_char_cpy_31_good.c,119,5,184,1
CWE124_Buffer_Underwrite__char_alloca_memcpy_04_good.c,148,7,1091,1
CWE190_Integer_Overflow__int_fgets_square_03_good.c,110,3,1707,1
CWE127_Buffer_Underread__char_alloca_memcpy_07_good.c,150,7,1091,1
CWE191_Integer_Underflow__int64_t_min_sub_15_good.c,94,3,1707,1
CWE190_Integer_Overflow__int_fscanf_postinc_31_good.c,82,3,1707,1
CWE758_Undefined_Behavior__long_alloca_use_14_good.c,75,6,58,1
CWE401_Memory_Leak__int64_t_calloc_42_good.c,113,2,382,1
CWE426_Untrusted_Search_Path__char_popen_06_good.c,97,3,1804,1
CWE126_Buffer_Overread__wchar_t_declare_memmove_03_good.c,172,3,1804,1
CWE457_Use_of_Uninitialized_Variable__int_array_alloca_partial_init_01_good.c,117,2,238,1
CWE190_Integer_Overflow__int64_t_fscanf_multiply_13_good.c,93,3,870,1
CWE126_Buffer_Overread__char_alloca_memcpy_07_good.c,189,3,113,1
CWE401_Memory_Leak__wchar_t_malloc_05_good.c,103,2,382,1
CWE134_Uncontrolled_Format_String__char_environment_vprintf_31_good.c,154,3,122,1
CWE190_Integer_Overflow__int_fgets_add_06_good.c,110,3,1707,1
CWE606_Unchecked_Loop_Condition__wchar_t_console_41_good.c,212,3,56,1
CWE124_Buffer_Underwrite__char_alloca_loop_32_good.c,195,7,1091,1
CWE134_Uncontrolled_Format_String__char_console_printf_32_good.c,185,2,164,1
CWE457_Use_of_Uninitialized_Variable__struct_15_good.c,86,3,111,1
CWE190_Integer_Overflow__short_max_multiply_03_good.c,85,3,870,1
CWE400_Resource_Exhaustion__fscanf_for_loop_04_good.c,93,3,56,1
CWE134_Uncontrolled_Format_String__char_environment_snprintf_03_good.c,138,2,164,1
CWE675_Duplicate_Operations_on_Resource__freopen_16_good.c,83,2,145,1
CWE121_Stack_Based_Buffer_Overflow__CWE193_char_declare_loop_18_good.c,128,3,1804,1
CWE121_Stack_Based_Buffer_Overflow__dest_wchar_t_declare_cat_02_good.c,114,3,1804,1
CWE190_Integer_Overflow__char_rand_postinc_18_good.c,80,3,1707,1
CWE190_Integer_Overflow__int64_t_rand_preinc_18_good.c,80,3,1707,1
CWE121_Stack_Based_Buffer_Overflow__dest_wchar_t_declare_cpy_06_good.c,116,3,1804,1
CWE124_Buffer_Underwrite__wchar_t_alloca_ncpy_03_good.c,152,7,1091,1
CWE190_Integer_Overflow__int64_t_fscanf_postinc_31_good.c,84,3,1707,1
CWE121_Stack_Based_Buffer_Overflow__CWE193_wchar_t_declare_cpy_44_good.c,118,3,1804,1
CWE127_Buffer_Underread__wchar_t_declare_memcpy_05_good.c,141,7,1091,1
CWE121_Stack_Based_Buffer_Overflow__CWE193_char_alloca_memmove_34_good.c,152,3,1804,1
CWE190_Integer_Overflow__int_fgets_preinc_02_good.c,107,3,1707,1
CWE252_Unchecked_Return_Value__char_fprintf_04_good.c,53,5,172,1
CWE126_Buffer_Overread__CWE170_char_strncpy_04_good.c,87,2,164,1
CWE390_Error_Without_Action__fgets_wchar_t_08_good.c,111,3,13,1
CWE121_Stack_Based_Buffer_Overflow__CWE135_34_good.c,128,9,39,1
CWE194_Unexpected_Sign_Extension__negative_memcpy_18_good.c,120,6,48,1
CWE134_Uncontrolled_Format_String__wchar_t_file_vfprintf_08_good.c,213,17,43,1
CWE122_Heap_Based_Buffer_Overflow__c_CWE193_wchar_t_ncpy_06_good.c,120,5,184,1
CWE191_Integer_Underflow__int64_t_rand_multiply_08_good.c,109,3,870,1
CWE121_Stack_Based_Buffer_Overflow__CWE193_char_declare_cpy_11_good.c,99,3,1804,1
CWE121_Stack_Based_Buffer_Overflow__CWE193_char_declare_ncpy_13_good.c,106,3,1804,1
CWE190_Integer_Overflow__int_fgets_square_31_good.c,106,3,1707,1
CWE121_Stack_Based_Buffer_Overflow__CWE193_wchar_t_alloca_memcpy_11_good.c,142,3,1804,1
CWE124_Buffer_Underwrite__malloc_wchar_t_memcpy_06_good.c,175,7,1091,1
CWE415_Double_Free__malloc_free_long_06_good.c,102,2,145,1
CWE191_Integer_Underflow__int_fscanf_postdec_44_good.c,94,3,1707,1
CWE401_Memory_Leak__malloc_realloc_int64_t_15_good.c,152,9,71,1
CWE121_Stack_Based_Buffer_Overflow__CWE805_int_declare_memcpy_03_good.c,100,3,1804,1
CWE121_Stack_Based_Buffer_Overflow__CWE805_char_declare_ncpy_13_good.c,126,3,1804,1
CWE134_Uncontrolled_Format_String__char_environment_printf_18_good.c,111,2,164,1
CWE190_Integer_Overflow__char_max_add_44_good.c,88,3,1707,1
CWE126_Buffer_Overread__char_declare_memmove_07_good.c,165,3,113,1
CWE134_Uncontrolled_Format_String__char_environment_vprintf_09_good.c,152,3,122,1
CWE190_Integer_Overflow__int_rand_add_04_good.c,77,3,1707,1
CWE191_Integer_Underflow__int_fgets_multiply_15_good.c,130,3,870,1
CWE690_NULL_Deref_From_Return__int_malloc_11_good.c,90,3,870,1
CWE122_Heap_Based_Buffer_Overflow__c_CWE193_wchar_t_loop_05_good.c,143,5,184,1
CWE190_Integer_Overflow__short_max_multiply_14_good.c,85,3,870,1
CWE190_Integer_Overflow__char_fscanf_multiply_08_good.c,110,3,870,1
CWE415_Double_Free__malloc_free_int_13_good.c,102,2,145,1
CWE190_Integer_Overflow__int_fgets_postinc_04_good.c,107,3,1707,1
CWE190_Integer_Overflow__short_fscanf_preinc_07_good.c,86,3,1707,1
CWE191_Integer_Underflow__int64_t_min_postdec_03_good.c,81,3,1707,1
CWE191_Integer_Underflow__char_rand_predec_03_good.c,86,3,1707,1
CWE476_NULL_Pointer_Dereference__long_15_good.c,82,3,184,1
CWE401_Memory_Leak__int_malloc_06_good.c,108,2,382,1
CWE191_Integer_Underflow__int_fgets_predec_42_good.c,113,3,1707,1
CWE284_Improper_Access_Control__w32_char_SHRegCreateUSKey_08_good.c,105,3,1804,1
CWE121_Stack_Based_Buffer_Overflow__CWE805_wchar_t_declare_ncpy_31_good.c,136,3,1804,1
CWE122_Heap_Based_Buffer_Overflow__c_CWE193_char_memcpy_11_good.c,127,5,184,1
CWE690_NULL_Deref_From_Return__long_realloc_04_good.c,90,3,870,1
CWE134_Uncontrolled_Format_String__char_environment_snprintf_34_good.c,141,2,164,1
CWE121_Stack_Based_Buffer_Overflow__CWE131_loop_07_good.c,113,3,111,1
CWE401_Memory_Leak__strdup_wchar_t_18_good.c,79,2,382,1
CWE457_Use_of_Uninitialized_Variable__double_array_declare_no_init_14_good.c,97,2,238,1
CWE134_Uncontrolled_Format_String__wchar_t_file_w32_vsnprintf_16_good.c,213,25,51,1
CWE590_Free_Memory_Not_on_Heap__free_char_static_13_good.c,96,9,197,1
CWE415_Double_Free__malloc_free_wchar_t_14_good.c,102,2,145,1
CWE590_Free_Memory_Not_on_Heap__free_int64_t_alloca_18_good.c,116,4,109,1
CWE191_Integer_Underflow__int64_t_rand_postdec_13_good.c,86,3,1707,1
CWE190_Integer_Overflow__int_rand_preinc_12_good.c,116,6,3,1
CWE191_Integer_Underflow__int_fscanf_postdec_10_good.c,82,3,1707,1
CWE134_Uncontrolled_Format_String__char_environment_w32_vsnprintf_41_good.c,173,3,122,1
CWE124_Buffer_Underwrite__malloc_wchar_t_ncpy_41_good.c,178,7,1091,1
CWE127_Buffer_Underread__malloc_wchar_t_ncpy_06_good.c,173,7,1091,1
CWE190_Integer_Overflow__char_rand_preinc_18_good.c,80,3,1707,1
CWE191_Integer_Underflow__int64_t_rand_predec_13_good.c,86,3,1707,1
CWE190_Integer_Overflow__short_fscanf_postinc_09_good.c,82,3,1707,1
CWE121_Stack_Based_Buffer_Overflow__CWE805_char_alloca_ncpy_10_good.c,148,3,1804,1
CWE121_Stack_Based_Buffer_Overflow__CWE193_wchar_t_declare_loop_14_good.c,132,3,1804,1
CWE690_NULL_Deref_From_Return__char_calloc_09_good.c,85,3,870,1
CWE191_Integer_Underflow__char_min_postdec_16_good.c,81,3,1707,1
CWE124_Buffer_Underwrite__char_declare_memmove_11_good.c,138,7,1091,1
CWE121_Stack_Based_Buffer_Overflow__CWE805_wchar_t_declare_ncat_14_good.c,118,3,1804,1
CWE416_Use_After_Free__malloc_free_wchar_t_16_good.c,124,9,11,1
CWE369_Divide_by_Zero__float_rand_08_good.c,107,3,1707,1
CWE190_Integer_Overflow__short_rand_preinc_06_good.c,85,3,1707,1
CWE690_NULL_Deref_From_Return__char_realloc_09_good.c,87,3,870,1
CWE758_Undefined_Behavior__int_alloca_use_11_good.c,75,6,58,1
CWE415_Double_Free__malloc_free_long_13_good.c,102,2,145,1
CWE127_Buffer_Underread__CWE839_fscanf_14_good.c,103,6,133,1
CWE134_Uncontrolled_Format_String__char_console_snprintf_05_good.c,179,2,164,1
CWE124_Buffer_Underwrite__char_alloca_memmove_31_good.c,156,7,1091,1
CWE369_Divide_by_Zero__float_fgets_06_good.c,116,3,1707,1
CWE121_Stack_Based_Buffer_Overflow__wchar_t_type_overrun_memcpy_06_good.c,132,4,49,1
CWE369_Divide_by_Zero__float_zero_14_good.c,84,3,1707,1
CWE690_NULL_Deref_From_Return__struct_malloc_07_good.c,102,3,870,1
CWE401_Memory_Leak__malloc_realloc_twoIntsStruct_11_good.c,167,9,71,1
CWE590_Free_Memory_Not_on_Heap__free_wchar_t_static_01_good.c,90,9,197,1
CWE190_Integer_Overflow__short_rand_multiply_05_good.c,86,3,870,1
CWE134_Uncontrolled_Format_String__wchar_t_file_vprintf_07_good.c,193,13,43,1
CWE124_Buffer_Underwrite__wchar_t_declare_memmove_41_good.c,149,7,1091,1
CWE122_Heap_Based_Buffer_Overflow__c_CWE129_fgets_18_good.c,196,3,224,1
CWE134_Uncontrolled_Format_String__char_console_w32_vsnprintf_14_good.c,220,3,122,1
CWE191_Integer_Underflow__int_fscanf_predec_05_good.c,82,3,1707,1
CWE126_Buffer_Overread__CWE170_char_strncpy_10_good.c,87,2,164,1
CWE416_Use_After_Free__malloc_free_struct_07_good.c,144,17,8,1
CWE122_Heap_Based_Buffer_Overflow__c_CWE193_char_memcpy_09_good.c,125,5,184,1
CWE134_Uncontrolled_Format_String__wchar_t_file_printf_15_good.c,168,16,9,1
CWE272_Least_Privilege_Violation__w32_char_RegCreateKey_02_good.c,79,3,1804,1
CWE401_Memory_Leak__strdup_char_02_good.c,80,2,382,1
CWE121_Stack_Based_Buffer_Overflow__CWE193_char_alloca_memcpy_04_good.c,139,3,1804,1
CWE124_Buffer_Underwrite__char_alloca_memcpy_11_good.c,150,7,1091,1
CWE190_Integer_Overflow__short_rand_add_07_good.c,84,3,1707,1
CWE121_Stack_Based_Buffer_Overflow__CWE805_int_declare_memmove_01_good.c,92,3,1804,1
CWE195_Signed_to_Unsigned_Conversion_Error__negative_memmove_32_good.c,151,3,69,1
CWE252_Unchecked_Return_Value__wchar_t_putc_01_good.c,49,9,136,1
CWE121_Stack_Based_Buffer_Overflow__CWE805_int_alloca_loop_01_good.c,132,3,1804,1
CWE190_Integer_Overflow__int_rand_multiply_10_good.c,83,3,870,1
CWE134_Uncontrolled_Format_String__char_console_vfprintf_15_good.c,217,3,122,1
CWE127_Buffer_Underread__char_declare_memmove_12_good.c,145,7,1091,1
CWE284_Improper_Access_Control__w32_char_CreateWindowStation_16_good.c,86,3,1804,1
CWE124_Buffer_Underwrite__CWE839_rand_14_good.c,124,6,133,1
CWE124_Buffer_Underwrite__CWE839_fscanf_08_good.c,146,6,133,1
CWE134_Uncontrolled_Format_String__wchar_t_environment_vprintf_14_good.c,157,13,43,1
CWE121_Stack_Based_Buffer_Overflow__wchar_t_type_overrun_memcpy_13_good.c,132,4,49,1
CWE121_Stack_Based_Buffer_Overflow__CWE805_char_alloca_snprintf_14_good.c,141,3,1804,1
CWE190_Integer_Overflow__int64_t_max_multiply_31_good.c,82,3,870,1
CWE190_Integer_Overflow__short_fscanf_square_34_good.c,87,3,1707,1
CWE121_Stack_Based_Buffer_Overflow__CWE805_int_alloca_memcpy_04_good.c,122,3,1804,1
CWE401_Memory_Leak__int_calloc_42_good.c,112,2,382,1
CWE457_Use_of_Uninitialized_Variable__wchar_t_pointer_03_good.c,64,4,40,1
CWE190_Integer_Overflow__short_max_postinc_05_good.c,76,3,1707,1
CWE191_Integer_Underflow__int_fscanf_multiply_15_good.c,105,3,870,1
CWE191_Integer_Underflow__int64_t_fscanf_sub_12_good.c,121,15,2,1
CWE190_Integer_Overflow__short_max_multiply_15_good.c,99,3,870,1
CWE126_Buffer_Overread__wchar_t_declare_loop_06_good.c,192,3,1804,1
CWE134_Uncontrolled_Format_String__char_file_w32_vsnprintf_03_good.c,210,3,122,1
CWE476_NULL_Pointer_Dereference__wchar_t_03_good.c,70,3,870,1
CWE191_Integer_Underflow__int_fgets_postdec_16_good.c,111,3,1707,1
CWE685_Function_Call_With_Incorrect_Number_of_Arguments__basic_06_good.c,69,2,164,1
CWE369_Divide_by_Zero__float_fscanf_44_good.c,98,3,1707,1
CWE190_Integer_Overflow__int_rand_square_07_good.c,81,3,1707,1
CWE197_Numeric_Truncation_Error__int_fscanf_to_char_15_good.c,86,23,191,1
CWE401_Memory_Leak__char_calloc_02_good.c,102,2,382,1
CWE457_Use_of_Uninitialized_Variable__struct_11_good.c,72,3,111,1
CWE191_Integer_Underflow__int64_t_rand_multiply_32_good.c,110,3,870,1
CWE401_Memory_Leak__malloc_realloc_int64_t_03_good.c,145,9,71,1
CWE121_Stack_Based_Buffer_Overflow__CWE805_char_alloca_memcpy_01_good.c,145,3,1804,1
CWE127_Buffer_Underread__wchar_t_alloca_memmove_14_good.c,155,7,1091,1
CWE126_Buffer_Overread__char_declare_memmove_06_good.c,165,3,113,1
CWE124_Buffer_Underwrite__wchar_t_alloca_loop_16_good.c,169,7,1091,1
CWE681_Incorrect_Conversion_Between_Numeric_Types__double2int_15_good.c,99,3,184,1
CWE338_Weak_PRNG__w32_13_good.c,60,17,12,1
CWE190_Integer_Overflow__int_max_postinc_11_good.c,80,3,1707,1
CWE369_Divide_by_Zero__int_zero_divide_08_good.c,91,3,870,1
CWE122_Heap_Based_Buffer_Overflow__c_CWE193_char_loop_02_good.c,143,5,184,1
CWE121_Stack_Based_Buffer_Overflow__CWE805_char_alloca_ncat_32_good.c,170,3,1804,1
CWE191_Integer_Underflow__int64_t_fscanf_postdec_04_good.c,84,3,1707,1
CWE457_Use_of_Uninitialized_Variable__struct_array_malloc_partial_init_01_good.c,154,2,238,1
CWE758_Undefined_Behavior__char_alloca_use_07_good.c,75,6,58,1
CWE190_Integer_Overflow__char_rand_multiply_14_good.c,91,3,870,1
CWE191_Integer_Underflow__unsigned_int_rand_postdec_34_good.c,91,3,1707,1
CWE190_Integer_Overflow__char_max_preinc_04_good.c,77,3,1707,1
CWE127_Buffer_Underread__CWE839_fgets_42_good.c,130,6,133,1
CWE124_Buffer_Underwrite__wchar_t_declare_ncpy_34_good.c,151,7,1091,1
CWE191_Integer_Underflow__int64_t_min_predec_08_good.c,99,3,1707,1
CWE426_Untrusted_Search_Path__char_system_32_good.c,116,3,1804,1
CWE121_Stack_Based_Buffer_Overflow__CWE805_wchar_t_alloca_memmove_06_good.c,157,3,1804,1
CWE401_Memory_Leak__strdup_char_44_good.c,94,2,382,1
CWE121_Stack_Based_Buffer_Overflow__CWE193_wchar_t_alloca_memmove_16_good.c,142,3,1804,1
CWE121_Stack_Based_Buffer_Overflow__wchar_t_type_overrun_memmove_16_good.c,132,4,49,1
CWE134_Uncontrolled_Format_String__char_console_fprintf_10_good.c,160,2,164,1
CWE121_Stack_Based_Buffer_Overflow__CWE805_struct_declare_memmove_11_good.c,135,3,1804,1
CWE253_Incorrect_Check_of_Function_Return_Value__wchar_t_fgets_14_good.c,88,6,38,1
CWE122_Heap_Based_Buffer_Overflow__CWE135_08_good.c,216,9,39,1
CWE124_Buffer_Underwrite__wchar_t_declare_cpy_10_good.c,124,7,1091,1
CWE369_Divide_by_Zero__int_zero_modulo_06_good.c,73,3,870,1
CWE190_Integer_Overflow__char_fscanf_add_11_good.c,86,3,1707,1
CWE590_Free_Memory_Not_on_Heap__free_int64_t_declare_09_good.c,105,9,197,1
CWE191_Integer_Underflow__int_fscanf_postdec_18_good.c,80,3,1707,1
CWE690_NULL_Deref_From_Return__long_calloc_12_good.c,121,3,870,1
CWE194_Unexpected_Sign_Extension__negative_memcpy_42_good.c,133,6,48,1
CWE190_Integer_Overflow__int64_t_rand_square_06_good.c,85,3,1707,1
CWE191_Integer_Underflow__char_min_predec_31_good.c,77,3,1707,1
CWE252_Unchecked_Return_Value__wchar_t_fputc_08_good.c,75,9,136,1
CWE127_Buffer_Underread__wchar_t_declare_memcpy_31_good.c,149,7,1091,1
CWE124_Buffer_Underwrite__malloc_wchar_t_loop_03_good.c,189,7,1091,1
CWE191_Integer_Underflow__char_fscanf_multiply_09_good.c,88,3,870,1
CWE122_Heap_Based_Buffer_Overflow__CWE131_memcpy_44_good.c,136,3,111,1
CWE758_Undefined_Behavior__char_alloca_use_15_good.c,82,6,58,1
CWE606_Unchecked_Loop_Condition__wchar_t_console_18_good.c,208,3,56,1
CWE191_Integer_Underflow__int_fscanf_sub_34_good.c,87,3,1707,1
CWE134_Uncontrolled_Format_String__char_environment_printf_04_good.c,113,2,164,1
CWE121_Stack_Based_Buffer_Overflow__CWE805_char_declare_memmove_09_good.c,127,3,1804,1
CWE134_Uncontrolled_Format_String__wchar_t_console_printf_11_good.c,166,13,32,1
CWE134_Uncontrolled_Format_String__char_file_vfprintf_42_good.c,197,3,122,1
CWE121_Stack_Based_Buffer_Overflow__CWE193_char_declare_memmove_18_good.c,110,3,1804,1
CWE191_Integer_Underflow__int64_t_rand_multiply_13_good.c,91,3,870,1
CWE190_Integer_Overflow__short_fscanf_add_15_good.c,99,3,1707,1
CWE457_Use_of_Uninitialized_Variable__struct_array_alloca_no_init_13_good.c,115,2,238,1
CWE467_Use_of_sizeof_on_Pointer_Type__short_02_good.c,94,44,15,1
CWE563_Unused_Variable__unused_init_variable_char_06_good.c,54,2,382,1
CWE121_Stack_Based_Buffer_Overflow__CWE805_wchar_t_declare_ncat_18_good.c,115,3,1804,1
CWE121_Stack_Based_Buffer_Overflow__CWE193_wchar_t_declare_cpy_41_good.c,106,3,1804,1
CWE190_Integer_Overflow__short_max_square_13_good.c,79,3,1707,1
CWE457_Use_of_Uninitialized_Variable__int_array_declare_partial_init_13_good.c,127,2,238,1
CWE134_Uncontrolled_Format_String__char_environment_snprintf_01_good.c,122,2,164,1
CWE190_Integer_Overflow__int_fgets_preinc_08_good.c,129,3,1707,1
CWE121_Stack_Based_Buffer_Overflow__CWE193_wchar_t_declare_cpy_08_good.c,118,3,1804,1
CWE121_Stack_Based_Buffer_Overflow__CWE193_char_declare_cpy_13_good.c,99,3,1804,1
CWE369_Divide_by_Zero__int_fscanf_divide_42_good.c,81,3,184,1
CWE195_Signed_to_Unsigned_Conversion_Error__negative_memmove_11_good.c,124,3,69,1
CWE121_Stack_Based_Buffer_Overflow__CWE805_struct_declare_memmove_32_good.c,166,3,1804,1
CWE124_Buffer_Underwrite__char_declare_memmove_04_good.c,136,7,1091,1
CWE191_Integer_Underflow__int64_t_min_multiply_18_good.c,80,3,870,1
CWE121_Stack_Based_Buffer_Overflow__CWE805_wchar_t_alloca_loop_09_good.c,169,3,1804,1
CWE191_Integer_Underflow__int_fscanf_multiply_10_good.c,87,3,870,1
CWE191_Integer_Underflow__short_fscanf_multiply_11_good.c,91,3,870,1
CWE122_Heap_Based_Buffer_Overflow__sizeof_int64_t_05_good.c,97,4,55,1
CWE681_Incorrect_Conversion_Between_Numeric_Types__double2float_05_good.c,90,3,184,1
CWE690_NULL_Deref_From_Return__char_calloc_01_good.c,79,5,56,1
CWE134_Uncontrolled_Format_String__wchar_t_environment_vprintf_01_good.c,141,13,43,1
CWE124_Buffer_Underwrite__wchar_t_alloca_loop_05_good.c,167,7,1091,1
CWE122_Heap_Based_Buffer_Overflow__wchar_t_type_overrun_memcpy_07_good.c,165,6,55,1
CWE191_Integer_Underflow__char_min_postdec_07_good.c,81,3,1707,1
CWE457_Use_of_Uninitialized_Variable__struct_array_alloca_no_init_14_good.c,115,2,238,1
CWE195_Signed_to_Unsigned_Conversion_Error__negative_memmove_10_good.c,122,3,69,1
CWE124_Buffer_Underwrite__CWE839_negative_14_good.c,123,6,133,1
CWE253_Incorrect_Check_of_Function_Return_Value__wchar_t_fgets_10_good.c,86,6,38,1
