CWE761_Free_Pointer_Not_at_Start_of_Buffer__char_environment_16_good.c,158,37,63,0
CWE367_TOC_TOU__stat_11_good.c,192,30,13,0
CWE590_Free_Memory_Not_on_Heap__free_char_alloca_13_good.c,108,4,109,0
CWE590_Free_Memory_Not_on_Heap__free_char_declare_18_good.c,93,9,197,0
CWE252_Unchecked_Return_Value__char_fputs_01_good.c,45,5,172,0
CWE590_Free_Memory_Not_on_Heap__free_int64_t_alloca_02_good.c,117,4,109,0
CWE114_Process_Control__w32_char_console_42_good.c,189,174,0,0
CWE590_Free_Memory_Not_on_Heap__free_wchar_t_static_08_good.c,116,9,197,0
CWE196_Unsigned_to_Signed_Conversion_Error__basic_13_good.c,87,2,133,0
CWE690_NULL_Deref_From_Return__long_realloc_15_good.c,99,5,56,0
CWE690_NULL_Deref_From_Return__int64_t_malloc_15_good.c,98,11,18,0
CWE506_Embedded_Malicious_Code__w32_aes_encrypted_payload_04_good.c,313,474,13,0
CWE761_Free_Pointer_Not_at_Start_of_Buffer__char_fixed_string_03_good.c,123,37,63,0
CWE242_Use_of_Inherently_Dangerous_Function__basic_14_good.c,92,5,12,0
CWE364_Signal_Handler_Race_Condition__basic_09_good.c,182,98,10,0
CWE758_Undefined_Behavior__struct_malloc_use_04_good.c,101,9,10,0
CWE194_Unexpected_Sign_Extension__rand_malloc_41_good.c,132,16,88,0
CWE195_Signed_to_Unsigned_Conversion_Error__fgets_memmove_16_good.c,154,76,36,0
CWE190_Integer_Overflow__short_rand_square_41_good.c,81,3,1707,0
CWE590_Free_Memory_Not_on_Heap__free_wchar_t_static_10_good.c,96,9,197,0
CWE134_Uncontrolled_Format_String__wchar_t_file_vfprintf_32_good.c,218,17,43,0
CWE391_Unchecked_Error_Condition__strtol_03_good.c,69,3,35,0
CWE134_Uncontrolled_Format_String__wchar_t_environment_fprintf_07_good.c,120,19,36,0
CWE367_TOC_TOU__stat_01_good.c,184,30,13,0
CWE259_Hard_Coded_Password__w32_wchar_t_02_good.c,117,18,63,0
CWE476_NULL_Pointer_Dereference__null_check_after_deref_12_good.c,145,16,14,0
CWE134_Uncontrolled_Format_String__char_console_vprintf_12_good.c,258,19,6,0
CWE480_Use_of_Incorrect_Operator__basic_07_good.c,110,111,7,0
CWE427_Uncontrolled_Search_Path_Element__char_file_31_good.c,150,158,0,0
CWE590_Free_Memory_Not_on_Heap__free_struct_declare_05_good.c,116,9,197,0
CWE416_Use_After_Free__malloc_free_long_04_good.c,128,14,26,0
CWE134_Uncontrolled_Format_String__char_file_w32_vsnprintf_15_good.c,224,3,122,0
CWE252_Unchecked_Return_Value__wchar_t_fputc_11_good.c,57,9,136,0
CWE665_Improper_Initialization__char_cat_01_good.c,93,2,38,0
CWE563_Unused_Variable__unused_value_int64_t_01_good.c,56,6,2,0
CWE416_Use_After_Free__malloc_free_long_10_good.c,128,14,26,0
CWE690_NULL_Deref_From_Return__long_calloc_15_good.c,97,5,56,0
CWE758_Undefined_Behavior__struct_alloca_use_11_good.c,84,7,13,0
CWE134_Uncontrolled_Format_String__wchar_t_environment_vfprintf_09_good.c,155,17,43,0
CWE244_Heap_Inspection__w32_char_realloc_08_good.c,261,7,15,0
CWE758_Undefined_Behavior__int64_t_alloca_use_12_good.c,122,6,58,0
CWE253_Incorrect_Check_of_Function_Return_Value__char_fwrite_05_good.c,71,6,38,0
CWE590_Free_Memory_Not_on_Heap__free_int_static_12_good.c,173,9,197,0
CWE690_NULL_Deref_From_Return__wchar_t_realloc_34_good.c,101,12,20,0
CWE401_Memory_Leak__twoIntsStruct_realloc_12_good.c,176,6,2,0
CWE404_Improper_Resource_Shutdown__freopen_w32_close_34_good.c,92,10,39,0
CWE90_LDAP_Injection__w32_wchar_t_file_01_good.c,295,172,1,0
CWE690_NULL_Deref_From_Return__int64_t_calloc_13_good.c,91,3,870,0
CWE480_Use_of_Incorrect_Operator__basic_06_good.c,110,111,7,0
CWE457_Use_of_Uninitialized_Variable__int_pointer_08_good.c,83,4,40,0
CWE369_Divide_by_Zero__float_rand_42_good.c,91,3,1707,0
CWE563_Unused_Variable__unused_value_long_09_good.c,66,6,21,0
CWE369_Divide_by_Zero__int_fscanf_modulo_12_good.c,107,9,1,0
CWE761_Free_Pointer_Not_at_Start_of_Buffer__wchar_t_fixed_string_41_good.c,131,35,46,0
CWE476_NULL_Pointer_Dereference__null_check_after_deref_04_good.c,96,16,14,0
CWE190_Integer_Overflow__int64_t_fscanf_square_07_good.c,87,3,1707,0
CWE124_Buffer_Underwrite__CWE839_negative_05_good.c,119,6,133,0
CWE459_Incomplete_Cleanup__wchar_t_01_good.c,101,2,164,0
CWE367_TOC_TOU__access_09_good.c,185,17,13,0
CWE259_Hard_Coded_Password__w32_char_18_good.c,113,18,63,0
CWE590_Free_Memory_Not_on_Heap__free_long_alloca_09_good.c,116,4,109,0
CWE190_Integer_Overflow__unsigned_int_rand_multiply_12_good.c,139,5,2,0
CWE690_NULL_Deref_From_Return__struct_calloc_32_good.c,133,6,19,0
CWE464_Addition_of_Data_Structure_Sentinel__basic_05_good.c,131,82,9,0
CWE134_Uncontrolled_Format_String__wchar_t_file_w32_vsnprintf_08_good.c,231,25,51,0
CWE252_Unchecked_Return_Value__char_fputs_08_good.c,71,5,172,0
CWE400_Resource_Exhaustion__fscanf_for_loop_06_good.c,97,3,56,0
CWE391_Unchecked_Error_Condition__sqrt_11_good.c,70,3,35,0
CWE467_Use_of_sizeof_on_Pointer_Type__char_07_good.c,96,44,12,0
CWE606_Unchecked_Loop_Condition__wchar_t_environment_34_good.c,169,3,56,0
CWE259_Hard_Coded_Password__w32_wchar_t_14_good.c,119,18,63,0
CWE194_Unexpected_Sign_Extension__negative_memcpy_15_good.c,130,6,48,0
CWE690_NULL_Deref_From_Return__long_malloc_32_good.c,121,5,56,0
CWE194_Unexpected_Sign_Extension__rand_memcpy_08_good.c,145,16,88,0
CWE190_Integer_Overflow__int_fscanf_square_07_good.c,85,3,1707,0
CWE191_Integer_Underflow__int_fgets_multiply_12_good.c,162,13,0,0
CWE369_Divide_by_Zero__float_zero_16_good.c,84,3,1707,0
CWE195_Signed_to_Unsigned_Conversion_Error__fgets_memmove_32_good.c,181,62,2,0
CWE252_Unchecked_Return_Value__char_remove_07_good.c,51,13,16,0
CWE416_Use_After_Free__malloc_free_struct_15_good.c,158,19,0,0
CWE134_Uncontrolled_Format_String__wchar_t_console_vfprintf_10_good.c,203,17,43,0
CWE391_Unchecked_Error_Condition__strtol_04_good.c,67,3,35,0
CWE469_Use_of_Pointer_Subtraction_to_Determine_Size__char_12_good.c,164,6,23,0
CWE195_Signed_to_Unsigned_Conversion_Error__fgets_memmove_03_good.c,154,76,36,0
CWE190_Integer_Overflow__int_rand_square_05_good.c,77,3,1707,0
CWE469_Use_of_Pointer_Subtraction_to_Determine_Size__char_08_good.c,125,6,23,0
CWE259_Hard_Coded_Password__w32_wchar_t_42_good.c,131,18,63,0
CWE190_Integer_Overflow__char_rand_square_06_good.c,85,3,1707,0
CWE476_NULL_Pointer_Dereference__wchar_t_07_good.c,70,3,870,0
CWE134_Uncontrolled_Format_String__wchar_t_console_w32_vsnprintf_32_good.c,248,25,51,0
CWE690_NULL_Deref_From_Return__int64_t_realloc_31_good.c,99,11,18,0
CWE190_Integer_Overflow__int64_t_fscanf_square_08_good.c,105,3,1707,0
CWE775_Missing_Release_of_File_Descriptor_or_Handle__fopen_no_close_31_good.c,70,4,19,0
CWE252_Unchecked_Return_Value__wchar_t_fwrite_01_good.c,61,13,13,0
CWE457_Use_of_Uninitialized_Variable__struct_array_declare_partial_init_16_good.c,150,2,238,0
CWE690_NULL_Deref_From_Return__wchar_t_calloc_42_good.c,100,12,20,0
CWE253_Incorrect_Check_of_Function_Return_Value__char_fputc_10_good.c,60,3,101,0
CWE416_Use_After_Free__malloc_free_char_18_good.c,116,9,1,0
CWE775_Missing_Release_of_File_Descriptor_or_Handle__fopen_no_close_34_good.c,75,4,19,0
CWE606_Unchecked_Loop_Condition__char_console_44_good.c,219,3,870,0
CWE680_Integer_Overflow_to_Buffer_Overflow__malloc_fixed_01_good.c,131,13,18,0
CWE194_Unexpected_Sign_Extension__negative_strncpy_02_good.c,121,6,48,0
CWE253_Incorrect_Check_of_Function_Return_Value__char_fgets_07_good.c,87,6,38,0
CWE563_Unused_Variable__unused_value_wchar_t_07_good.c,74,6,18,0
CWE563_Unused_Variable__unused_value_struct_16_good.c,87,8,0,0
CWE758_Undefined_Behavior__char_alloca_use_18_good.c,72,6,58,0
CWE590_Free_Memory_Not_on_Heap__free_wchar_t_static_04_good.c,96,9,197,0
CWE758_Undefined_Behavior__struct_malloc_use_15_good.c,110,9,10,0
CWE690_NULL_Deref_From_Return__int_realloc_04_good.c,90,3,870,0
CWE761_Free_Pointer_Not_at_Start_of_Buffer__char_fixed_string_15_good.c,130,37,63,0
CWE391_Unchecked_Error_Condition__strtol_11_good.c,69,3,35,0
CWE191_Integer_Underflow__int64_t_rand_multiply_18_good.c,85,3,870,0
CWE761_Free_Pointer_Not_at_Start_of_Buffer__char_environment_05_good.c,156,37,63,0
CWE90_LDAP_Injection__w32_char_environment_01_good.c,255,70,0,0
CWE190_Integer_Overflow__char_rand_postinc_12_good.c,120,6,12,0
CWE591_Sensitive_Data_Storage_in_Improperly_Locked_Memory__w32_wchar_t_18_good.c,143,2,133,0
CWE690_NULL_Deref_From_Return__int_calloc_32_good.c,121,5,56,0
CWE590_Free_Memory_Not_on_Heap__free_char_declare_32_good.c,127,9,197,0
CWE195_Signed_to_Unsigned_Conversion_Error__rand_malloc_08_good.c,143,10,130,0
CWE761_Free_Pointer_Not_at_Start_of_Buffer__wchar_t_console_44_good.c,226,32,2,0
CWE690_NULL_Deref_From_Return__int64_t_malloc_05_good.c,89,3,870,0
CWE197_Numeric_Truncation_Error__int_fgets_to_short_06_good.c,104,78,43,0
CWE427_Uncontrolled_Search_Path_Element__wchar_t_console_11_good.c,158,173,15,0
CWE194_Unexpected_Sign_Extension__rand_memmove_12_good.c,136,16,88,0
CWE570_Expression_Always_False__static_const_01_good.c,44,3,5,0
CWE464_Addition_of_Data_Structure_Sentinel__basic_13_good.c,133,82,9,0
CWE124_Buffer_Underwrite__CWE839_rand_32_good.c,143,6,133,0
CWE416_Use_After_Free__malloc_free_long_14_good.c,132,14,26,0
CWE194_Unexpected_Sign_Extension__rand_malloc_06_good.c,127,16,88,0
CWE416_Use_After_Free__malloc_free_int_11_good.c,132,14,26,0
CWE194_Unexpected_Sign_Extension__fgets_strncpy_02_good.c,154,82,35,0
CWE253_Incorrect_Check_of_Function_Return_Value__wchar_t_fgets_02_good.c,86,6,38,0
CWE685_Function_Call_With_Incorrect_Number_of_Arguments__basic_13_good.c,69,2,164,0
CWE427_Uncontrolled_Search_Path_Element__char_environment_12_good.c,119,96,35,0
CWE190_Integer_Overflow__char_fscanf_square_05_good.c,82,3,1707,0
CWE680_Integer_Overflow_to_Buffer_Overflow__malloc_fgets_44_good.c,182,76,0,0
CWE457_Use_of_Uninitialized_Variable__int_pointer_15_good.c,79,4,5,0
CWE606_Unchecked_Loop_Condition__wchar_t_environment_16_good.c,166,3,56,0
CWE194_Unexpected_Sign_Extension__fgets_memmove_34_good.c,166,78,1,0
CWE191_Integer_Underflow__int64_t_fscanf_multiply_41_good.c,90,3,870,0
CWE252_Unchecked_Return_Value__char_putc_10_good.c,54,5,172,0
CWE590_Free_Memory_Not_on_Heap__free_struct_static_31_good.c,124,9,197,0
CWE690_NULL_Deref_From_Return__struct_calloc_44_good.c,120,3,59,0
CWE758_Undefined_Behavior__struct_malloc_use_06_good.c,103,9,10,0
CWE194_Unexpected_Sign_Extension__fgets_strncpy_03_good.c,156,82,35,0
CWE680_Integer_Overflow_to_Buffer_Overflow__malloc_rand_06_good.c,137,10,20,0
CWE665_Improper_Initialization__wchar_t_cat_31_good.c,109,8,2,0
CWE190_Integer_Overflow__int_fgets_preinc_12_good.c,145,11,4,0
CWE480_Use_of_Incorrect_Operator__basic_13_good.c,110,111,7,0
CWE390_Error_Without_Action__fgets_wchar_t_09_good.c,91,3,13,0
CWE404_Improper_Resource_Shutdown__fopen_w32CloseHandle_34_good.c,90,11,38,0
CWE364_Signal_Handler_Race_Condition__basic_12_good.c,295,98,10,0
CWE761_Free_Pointer_Not_at_Start_of_Buffer__wchar_t_console_42_good.c,220,33,17,0
CWE197_Numeric_Truncation_Error__int_fgets_to_char_34_good.c,114,73,0,0
CWE259_Hard_Coded_Password__w32_char_07_good.c,116,18,63,0
CWE427_Uncontrolled_Search_Path_Element__wchar_t_console_03_good.c,158,173,15,0
CWE252_Unchecked_Return_Value__char_putc_01_good.c,48,5,172,0
CWE416_Use_After_Free__malloc_free_int64_t_08_good.c,151,14,26,0
CWE690_NULL_Deref_From_Return__struct_calloc_11_good.c,102,3,870,0
CWE476_NULL_Pointer_Dereference__int_03_good.c,68,3,870,0
CWE191_Integer_Underflow__int64_t_min_multiply_42_good.c,88,3,870,0
CWE469_Use_of_Pointer_Subtraction_to_Determine_Size__wchar_t_11_good.c,108,6,23,0
CWE476_NULL_Pointer_Dereference__deref_after_check_01_good.c,60,17,14,0
CWE194_Unexpected_Sign_Extension__negative_memcpy_08_good.c,141,6,48,0
CWE197_Numeric_Truncation_Error__int_rand_to_char_06_good.c,75,10,130,0
CWE134_Uncontrolled_Format_String__wchar_t_file_vfprintf_04_good.c,191,17,43,0
CWE590_Free_Memory_Not_on_Heap__free_wchar_t_static_32_good.c,129,9,197,0
CWE476_NULL_Pointer_Dereference__struct_11_good.c,69,3,870,0
CWE134_Uncontrolled_Format_String__char_console_snprintf_12_good.c,224,18,8,0
CWE563_Unused_Variable__unused_uninit_variable_wchar_t_15_good.c,58,6,1,0
CWE665_Improper_Initialization__char_cat_32_good.c,132,2,38,0
CWE369_Divide_by_Zero__float_fgets_18_good.c,110,3,1707,0
CWE400_Resource_Exhaustion__fscanf_for_loop_13_good.c,97,3,56,0
CWE690_NULL_Deref_From_Return__long_calloc_02_good.c,88,3,870,0
CWE134_Uncontrolled_Format_String__wchar_t_environment_vfprintf_34_good.c,157,33,1,0
CWE134_Uncontrolled_Format_String__wchar_t_file_vfprintf_13_good.c,195,17,43,0
CWE483_Incorrect_Block_Delimitation__semicolon_18_good.c,80,5,13,0
CWE761_Free_Pointer_Not_at_Start_of_Buffer__char_file_18_good.c,190,37,63,0
CWE590_Free_Memory_Not_on_Heap__free_int_declare_03_good.c,106,9,197,0
CWE590_Free_Memory_Not_on_Heap__free_struct_alloca_01_good.c,122,4,109,0
CWE404_Improper_Resource_Shutdown__freopen_w32_close_15_good.c,88,10,39,0
CWE253_Incorrect_Check_of_Function_Return_Value__char_putchar_02_good.c,58,3,101,0
CWE195_Signed_to_Unsigned_Conversion_Error__fgets_memmove_14_good.c,154,76,36,0
CWE591_Sensitive_Data_Storage_in_Improperly_Locked_Memory__w32_char_15_good.c,149,2,133,0
CWE194_Unexpected_Sign_Extension__negative_malloc_16_good.c,123,3,18,0
CWE690_NULL_Deref_From_Return__wchar_t_malloc_08_good.c,106,3,870,0
CWE252_Unchecked_Return_Value__char_fputc_09_good.c,54,5,172,0
CWE404_Improper_Resource_Shutdown__fopen_w32_close_15_good.c,86,10,39,0
CWE775_Missing_Release_of_File_Descriptor_or_Handle__fopen_no_close_44_good.c,82,4,19,0
CWE467_Use_of_sizeof_on_Pointer_Type__int_03_good.c,96,44,8,0
CWE761_Free_Pointer_Not_at_Start_of_Buffer__char_file_06_good.c,193,37,63,0
CWE325_Missing_Required_Cryptographic_Step__w32_CryptCreateHash_05_good.c,246,2,133,0
CWE590_Free_Memory_Not_on_Heap__free_int64_t_static_03_good.c,107,9,197,0
CWE190_Integer_Overflow__unsigned_int_max_multiply_12_good.c,133,5,4,0
CWE190_Integer_Overflow__int_rand_square_13_good.c,81,3,1707,0
CWE369_Divide_by_Zero__int_fscanf_divide_12_good.c,107,9,1,0
CWE190_Integer_Overflow__char_rand_square_01_good.c,69,3,1707,0
CWE191_Integer_Underflow__int64_t_rand_multiply_42_good.c,93,3,870,0
CWE256_Plaintext_Storage_of_Password__w32_wchar_t_31_good.c,180,9,15,0
CWE761_Free_Pointer_Not_at_Start_of_Buffer__char_file_05_good.c,191,37,63,0
CWE563_Unused_Variable__unused_value_wchar_t_14_good.c,74,6,18,0
CWE606_Unchecked_Loop_Condition__wchar_t_console_31_good.c,212,3,56,0
CWE761_Free_Pointer_Not_at_Start_of_Buffer__char_environment_09_good.c,156,37,63,0
CWE252_Unchecked_Return_Value__wchar_t_fscanf_07_good.c,73,9,136,0
CWE190_Integer_Overflow__int64_t_rand_postinc_12_good.c,120,6,12,0
CWE606_Unchecked_Loop_Condition__char_environment_12_good.c,237,19,2,0
CWE758_Undefined_Behavior__char_alloca_use_02_good.c,73,6,58,0
CWE90_LDAP_Injection__w32_wchar_t_environment_41_good.c,273,102,1,0
CWE832_Unlock_of_Resource_That_is_Not_Locked__basic_11_good.c,80,2,164,0
CWE272_Least_Privilege_Violation__w32_wchar_t_RegCreateKeyEx_08_good.c,112,3,1804,0
CWE124_Buffer_Underwrite__char_declare_ncpy_02_good.c,133,7,1091,0
CWE124_Buffer_Underwrite__CWE839_fscanf_44_good.c,136,6,133,0
CWE190_Integer_Overflow__int_fscanf_postinc_12_good.c,120,9,13,0
CWE122_Heap_Based_Buffer_Overflow__c_CWE129_fscanf_12_good.c,298,9,2,0
CWE476_NULL_Pointer_Dereference__null_check_after_deref_08_good.c,116,16,14,0
CWE194_Unexpected_Sign_Extension__rand_strncpy_41_good.c,132,16,88,0
CWE194_Unexpected_Sign_Extension__negative_memmove_11_good.c,123,6,48,0
CWE401_Memory_Leak__wchar_t_realloc_07_good.c,109,2,382,0
CWE535_Info_Exposure_Shell_Error__w32_wchar_t_12_good.c,296,5,26,0
CWE457_Use_of_Uninitialized_Variable__int64_t_18_good.c,57,5,5,0
CWE690_NULL_Deref_From_Return__wchar_t_calloc_18_good.c,85,12,20,0
CWE476_NULL_Pointer_Dereference__char_07_good.c,70,3,870,0
CWE252_Unchecked_Return_Value__char_fputs_13_good.c,53,5,172,0
CWE685_Function_Call_With_Incorrect_Number_of_Arguments__basic_07_good.c,69,2,164,0
CWE190_Integer_Overflow__char_fscanf_preinc_12_good.c,121,9,13,0
CWE325_Missing_Required_Cryptographic_Step__w32_CryptCreateHash_09_good.c,246,2,133,0
CWE665_Improper_Initialization__char_ncat_42_good.c,125,2,38,0
CWE190_Integer_Overflow__char_fscanf_square_02_good.c,82,3,1707,0
CWE195_Signed_to_Unsigned_Conversion_Error__rand_memmove_31_good.c,129,10,130,0
CWE194_Unexpected_Sign_Extension__fgets_strncpy_31_good.c,160,77,2,0
CWE190_Integer_Overflow__int_max_square_05_good.c,75,3,1707,0
CWE190_Integer_Overflow__int64_t_fscanf_postinc_12_good.c,122,12,3,0
CWE680_Integer_Overflow_to_Buffer_Overflow__malloc_fgets_02_good.c,164,78,43,0
CWE690_NULL_Deref_From_Return__wchar_t_realloc_09_good.c,88,3,870,0
CWE457_Use_of_Uninitialized_Variable__double_array_alloca_partial_init_12_good.c,230,4,7,0
CWE773_Missing_Reference_to_Active_File_Descriptor_or_Handle__fopen_15_good.c,92,4,16,0
CWE476_NULL_Pointer_Dereference__struct_44_good.c,79,3,59,0
CWE252_Unchecked_Return_Value__wchar_t_fprintf_05_good.c,55,9,136,0
CWE272_Least_Privilege_Violation__w32_char_CreateProcess_03_good.c,115,4,14,0
CWE253_Incorrect_Check_of_Function_Return_Value__char_fgets_05_good.c,85,6,38,0
CWE390_Error_Without_Action__sqrt_09_good.c,80,2,164,0
CWE690_NULL_Deref_From_Return__long_calloc_32_good.c,121,5,56,0
CWE191_Integer_Underflow__int_fscanf_multiply_44_good.c,99,3,870,0
CWE590_Free_Memory_Not_on_Heap__free_struct_static_44_good.c,136,9,197,0
CWE506_Embedded_Malicious_Code__w32_aes_encrypted_payload_05_good.c,313,474,13,0
CWE590_Free_Memory_Not_on_Heap__free_int_static_16_good.c,106,9,197,0
CWE467_Use_of_sizeof_on_Pointer_Type__int_10_good.c,94,44,15,0
CWE563_Unused_Variable__unused_value_char_01_good.c,54,4,0,0
CWE242_Use_of_Inherently_Dangerous_Function__basic_12_good.c,145,5,12,0
CWE590_Free_Memory_Not_on_Heap__free_int_declare_32_good.c,137,9,197,0
CWE761_Free_Pointer_Not_at_Start_of_Buffer__char_fixed_string_18_good.c,120,37,63,0
CWE506_Embedded_Malicious_Code__w32_base64_encoded_payload_13_good.c,182,238,14,0
CWE90_LDAP_Injection__w32_char_file_04_good.c,296,165,12,0
CWE681_Incorrect_Conversion_Between_Numeric_Types__doubleNaN2int_05_good.c,95,3,184,0
CWE124_Buffer_Underwrite__CWE839_rand_07_good.c,124,6,133,0
CWE195_Signed_to_Unsigned_Conversion_Error__fgets_malloc_13_good.c,154,77,31,0
CWE690_NULL_Deref_From_Return__struct_malloc_42_good.c,114,6,19,0
CWE590_Free_Memory_Not_on_Heap__free_int_static_44_good.c,124,9,197,0
CWE758_Undefined_Behavior__int_malloc_use_05_good.c,92,7,40,0
CWE197_Numeric_Truncation_Error__short_rand_42_good.c,88,15,8,0
CWE114_Process_Control__w32_char_environment_10_good.c,130,96,35,0
CWE252_Unchecked_Return_Value__char_fwrite_13_good.c,67,5,172,0
CWE620_Unverified_Password_Change__w32_05_good.c,154,71,14,0
CWE398_Poor_Code_Quality__semicolon_15_good.c,54,3,14,0
CWE758_Undefined_Behavior__struct_malloc_use_12_good.c,185,9,10,0
CWE252_Unchecked_Return_Value__wchar_t_putc_04_good.c,55,9,136,0
CWE681_Incorrect_Conversion_Between_Numeric_Types__double2float_03_good.c,92,3,184,0
CWE483_Incorrect_Block_Delimitation__semicolon_09_good.c,81,5,13,0
CWE190_Integer_Overflow__short_fscanf_square_06_good.c,85,3,1707,0
CWE590_Free_Memory_Not_on_Heap__free_int64_t_static_32_good.c,138,9,197,0
CWE256_Plaintext_Storage_of_Password__w32_wchar_t_34_good.c,185,9,15,0
CWE590_Free_Memory_Not_on_Heap__free_char_static_09_good.c,94,9,197,0
CWE134_Uncontrolled_Format_String__wchar_t_file_vfprintf_09_good.c,191,17,43,0
CWE681_Incorrect_Conversion_Between_Numeric_Types__double2int_14_good.c,92,3,184,0
CWE464_Addition_of_Data_Structure_Sentinel__basic_15_good.c,140,82,9,0
CWE253_Incorrect_Check_of_Function_Return_Value__wchar_t_fgets_16_good.c,88,6,38,0
CWE400_Resource_Exhaustion__fscanf_for_loop_11_good.c,97,3,56,0
CWE252_Unchecked_Return_Value__char_sscanf_11_good.c,71,5,172,0
CWE191_Integer_Underflow__char_fscanf_multiply_41_good.c,89,3,870,0
CWE534_Info_Exposure_Debug_Log__w32_wchar_t_14_good.c,194,5,26,0
CWE761_Free_Pointer_Not_at_Start_of_Buffer__char_file_34_good.c,204,37,63,0
CWE124_Buffer_Underwrite__CWE839_fgets_06_good.c,153,6,133,0
CWE134_Uncontrolled_Format_String__wchar_t_environment_vfprintf_32_good.c,182,17,43,0
CWE606_Unchecked_Loop_Condition__wchar_t_file_05_good.c,198,3,56,0
CWE194_Unexpected_Sign_Extension__rand_memcpy_15_good.c,134,16,88,0
CWE563_Unused_Variable__unused_value_wchar_t_15_good.c,88,8,1,0
CWE195_Signed_to_Unsigned_Conversion_Error__negative_malloc_05_good.c,122,3,69,0
CWE252_Unchecked_Return_Value__wchar_t_fprintf_01_good.c,49,9,136,0
CWE190_Integer_Overflow__short_fscanf_square_08_good.c,103,3,1707,0
CWE252_Unchecked_Return_Value__wchar_t_sscanf_01_good.c,65,9,136,0
CWE590_Free_Memory_Not_on_Heap__free_int_declare_10_good.c,104,9,197,0
CWE195_Signed_to_Unsigned_Conversion_Error__negative_memmove_31_good.c,128,3,69,0
CWE606_Unchecked_Loop_Condition__char_file_05_good.c,195,3,870,0
CWE190_Integer_Overflow__char_max_square_42_good.c,82,3,1707,0
CWE191_Integer_Underflow__char_min_multiply_42_good.c,88,3,870,0
CWE134_Uncontrolled_Format_String__wchar_t_environment_vfprintf_18_good.c,153,17,43,0
CWE197_Numeric_Truncation_Error__int_large_to_short_12_good.c,84,3,1804,0
CWE563_Unused_Variable__unused_uninit_variable_struct_18_good.c,48,4,1,0
CWE325_Missing_Required_Cryptographic_Step__w32_CryptDeriveKey_18_good.c,245,2,133,0
CWE252_Unchecked_Return_Value__char_fprintf_16_good.c,55,5,172,0
CWE253_Incorrect_Check_of_Function_Return_Value__char_fwrite_14_good.c,73,6,38,0
CWE690_NULL_Deref_From_Return__int64_t_calloc_06_good.c,91,3,870,0
CWE481_Assigning_Instead_of_Comparing__basic_12_good.c,83,6,16,0
CWE190_Integer_Overflow__int_fscanf_square_11_good.c,85,3,1707,0
CWE190_Integer_Overflow__short_max_square_02_good.c,75,3,1707,0
CWE617_Reachable_Assertion__rand_01_good.c,59,10,130,0
CWE195_Signed_to_Unsigned_Conversion_Error__negative_strncpy_32_good.c,151,3,69,0
CWE690_NULL_Deref_From_Return__long_malloc_07_good.c,90,3,870,0
CWE253_Incorrect_Check_of_Function_Return_Value__wchar_t_fgets_06_good.c,88,6,38,0
CWE758_Undefined_Behavior__struct_malloc_use_14_good.c,103,9,10,0
CWE194_Unexpected_Sign_Extension__negative_memcpy_34_good.c,133,6,48,0
CWE252_Unchecked_Return_Value__wchar_t_puts_11_good.c,52,9,136,0
CWE273_Improper_Check_for_Dropped_Privileges__w32_RpcImpersonateClient_08_good.c,69,5,172,0
CWE197_Numeric_Truncation_Error__int_rand_to_char_05_good.c,73,10,130,0
CWE369_Divide_by_Zero__float_zero_31_good.c,80,3,1707,0
CWE134_Uncontrolled_Format_String__wchar_t_file_fprintf_18_good.c,150,24,8,0
CWE590_Free_Memory_Not_on_Heap__free_int_declare_14_good.c,106,9,197,0
CWE590_Free_Memory_Not_on_Heap__free_char_declare_07_good.c,96,9,197,0
CWE665_Improper_Initialization__wchar_t_ncat_31_good.c,121,8,2,0
CWE252_Unchecked_Return_Value__wchar_t_sscanf_04_good.c,71,9,136,0
CWE195_Signed_to_Unsigned_Conversion_Error__fgets_memcpy_09_good.c,152,76,36,0
CWE391_Unchecked_Error_Condition__sqrt_16_good.c,70,3,35,0
CWE401_Memory_Leak__wchar_t_malloc_31_good.c,105,2,382,0
CWE690_NULL_Deref_From_Return__int_realloc_09_good.c,90,3,870,0
CWE325_Missing_Required_Cryptographic_Step__w32_CryptHashData_07_good.c,244,2,133,0
CWE369_Divide_by_Zero__float_fgets_14_good.c,116,3,1707,0
CWE190_Integer_Overflow__short_rand_multiply_12_good.c,135,5,2,0
CWE401_Memory_Leak__char_calloc_31_good.c,104,2,382,0
CWE191_Integer_Underflow__int64_t_min_predec_12_good.c,116,9,9,0
CWE427_Uncontrolled_Search_Path_Element__wchar_t_environment_32_good.c,141,96,35,0
CWE690_NULL_Deref_From_Return__wchar_t_realloc_11_good.c,90,3,870,0
CWE90_LDAP_Injection__w32_char_file_41_good.c,304,139,0,0
CWE401_Memory_Leak__int_realloc_12_good.c,152,6,2,0
CWE404_Improper_Resource_Shutdown__fopen_w32CloseHandle_32_good.c,110,11,38,0
CWE124_Buffer_Underwrite__CWE839_rand_03_good.c,124,6,133,0
CWE114_Process_Control__w32_char_environment_13_good.c,132,96,35,0
CWE690_NULL_Deref_From_Return__long_malloc_03_good.c,90,3,870,0
CWE134_Uncontrolled_Format_String__wchar_t_console_vfprintf_02_good.c,203,17,43,0
CWE775_Missing_Release_of_File_Descriptor_or_Handle__fopen_no_close_05_good.c,62,4,19,0
CWE338_Weak_PRNG__w32_02_good.c,58,17,12,0
CWE484_Omitted_Break_Statement_in_Switch__basic_15_good.c,89,2,11,0
CWE590_Free_Memory_Not_on_Heap__free_wchar_t_alloca_31_good.c,116,4,109,0
CWE391_Unchecked_Error_Condition__sqrt_10_good.c,68,3,35,0
CWE457_Use_of_Uninitialized_Variable__char_pointer_16_good.c,64,2,164,0
CWE252_Unchecked_Return_Value__wchar_t_puts_10_good.c,50,9,136,0
CWE197_Numeric_Truncation_Error__int_fgets_to_char_31_good.c,108,72,0,0
CWE114_Process_Control__w32_wchar_t_environment_02_good.c,131,96,1,0
CWE427_Uncontrolled_Search_Path_Element__wchar_t_file_13_good.c,146,165,15,0
CWE690_NULL_Deref_From_Return__int64_t_realloc_32_good.c,124,11,18,0
CWE665_Improper_Initialization__wchar_t_ncat_13_good.c,115,4,55,0
CWE191_Integer_Underflow__int64_t_min_sub_12_good.c,114,9,9,0
CWE606_Unchecked_Loop_Condition__char_console_06_good.c,209,3,870,0
CWE459_Incomplete_Cleanup__wchar_t_02_good.c,107,2,164,0
CWE134_Uncontrolled_Format_String__wchar_t_console_vfprintf_18_good.c,201,17,43,0
CWE467_Use_of_sizeof_on_Pointer_Type__short_07_good.c,96,44,8,0
CWE195_Signed_to_Unsigned_Conversion_Error__rand_strncpy_01_good.c,117,10,130,0
CWE404_Improper_Resource_Shutdown__freopen_w32CloseHandle_41_good.c,87,11,38,0
CWE252_Unchecked_Return_Value__char_snprintf_07_good.c,80,5,172,0
CWE590_Free_Memory_Not_on_Heap__free_int_static_32_good.c,137,9,197,0
CWE476_NULL_Pointer_Dereference__wchar_t_02_good.c,66,3,870,0
CWE252_Unchecked_Return_Value__wchar_t_remove_13_good.c,52,11,10,0
CWE190_Integer_Overflow__int_fgets_square_32_good.c,129,3,1707,0
CWE191_Integer_Underflow__short_fscanf_multiply_41_good.c,88,3,870,0
CWE190_Integer_Overflow__short_rand_square_44_good.c,92,3,1707,0
CWE476_NULL_Pointer_Dereference__wchar_t_32_good.c,93,3,184,0
CWE195_Signed_to_Unsigned_Conversion_Error__rand_memmove_41_good.c,130,10,130,0
CWE114_Process_Control__w32_wchar_t_console_14_good.c,181,169,7,0
CWE364_Signal_Handler_Race_Condition__basic_03_good.c,184,98,10,0
CWE606_Unchecked_Loop_Condition__wchar_t_console_16_good.c,214,3,56,0
CWE197_Numeric_Truncation_Error__int_fgets_to_short_13_good.c,104,78,43,0
CWE773_Missing_Reference_to_Active_File_Descriptor_or_Handle__fopen_32_good.c,116,4,16,0
CWE252_Unchecked_Return_Value__wchar_t_fwrite_07_good.c,69,13,13,0
CWE690_NULL_Deref_From_Return__int64_t_malloc_12_good.c,123,3,870,0
CWE134_Uncontrolled_Format_String__wchar_t_file_w32_vsnprintf_31_good.c,211,25,51,0
CWE590_Free_Memory_Not_on_Heap__free_wchar_t_declare_16_good.c,98,9,197,0
CWE195_Signed_to_Unsigned_Conversion_Error__negative_malloc_02_good.c,122,3,69,0
CWE400_Resource_Exhaustion__rand_for_loop_34_good.c,95,3,56,0
CWE843_Type_Confusion__short_32_good.c,109,7,16,0
CWE773_Missing_Reference_to_Active_File_Descriptor_or_Handle__fopen_42_good.c,75,4,16,0
CWE401_Memory_Leak__malloc_realloc_int64_t_16_good.c,145,9,71,0
CWE416_Use_After_Free__malloc_free_long_11_good.c,132,14,26,0
CWE401_Memory_Leak__malloc_realloc_twoIntsStruct_16_good.c,167,9,71,0
CWE469_Use_of_Pointer_Subtraction_to_Determine_Size__char_09_good.c,105,6,23,0
CWE390_Error_Without_Action__fgets_wchar_t_06_good.c,93,3,13,0
CWE114_Process_Control__w32_wchar_t_console_10_good.c,179,169,7,0
CWE252_Unchecked_Return_Value__wchar_t_fwrite_12_good.c,105,13,13,0
CWE194_Unexpected_Sign_Extension__rand_memcpy_13_good.c,127,16,88,0
CWE563_Unused_Variable__unused_uninit_variable_struct_06_good.c,51,4,55,0
CWE690_NULL_Deref_From_Return__struct_calloc_09_good.c,100,3,870,0
CWE620_Unverified_Password_Change__w32_06_good.c,156,71,14,0
CWE685_Function_Call_With_Incorrect_Number_of_Arguments__basic_08_good.c,87,2,164,0
CWE253_Incorrect_Check_of_Function_Return_Value__w32_ImpersonateSelf_03_good.c,62,6,14,0
CWE369_Divide_by_Zero__float_zero_18_good.c,78,3,1707,0
CWE190_Integer_Overflow__int_rand_multiply_41_good.c,84,3,870,0
CWE416_Use_After_Free__malloc_free_int_06_good.c,132,14,26,0
CWE134_Uncontrolled_Format_String__char_environment_vfprintf_34_good.c,156,19,6,0
CWE761_Free_Pointer_Not_at_Start_of_Buffer__char_fixed_string_42_good.c,135,37,63,0
CWE404_Improper_Resource_Shutdown__fopen_w32_close_42_good.c,69,10,39,0
CWE390_Error_Without_Action__sqrt_16_good.c,82,2,164,0
CWE252_Unchecked_Return_Value__char_scanf_12_good.c,101,5,172,0
CWE467_Use_of_sizeof_on_Pointer_Type__short_01_good.c,88,44,15,0
CWE391_Unchecked_Error_Condition__wcstombs_10_good.c,91,3,35,0
CWE256_Plaintext_Storage_of_Password__w32_wchar_t_32_good.c,205,9,15,0
CWE761_Free_Pointer_Not_at_Start_of_Buffer__char_file_01_good.c,185,37,63,0
CWE252_Unchecked_Return_Value__char_sscanf_08_good.c,89,5,172,0
CWE195_Signed_to_Unsigned_Conversion_Error__negative_memmove_15_good.c,131,3,69,0
CWE606_Unchecked_Loop_Condition__char_environment_34_good.c,167,3,870,0
CWE252_Unchecked_Return_Value__wchar_t_puts_01_good.c,44,9,136,0
CWE195_Signed_to_Unsigned_Conversion_Error__negative_memcpy_16_good.c,124,3,69,0
CWE590_Free_Memory_Not_on_Heap__free_int_static_07_good.c,106,9,197,0
CWE195_Signed_to_Unsigned_Conversion_Error__fgets_malloc_05_good.c,152,77,31,0
CWE690_NULL_Deref_From_Return__long_malloc_13_good.c,90,3,870,0
CWE563_Unused_Variable__unused_uninit_variable_int_18_good.c,48,3,38,0
CWE483_Incorrect_Block_Delimitation__semicolon_08_good.c,101,5,13,0
CWE843_Type_Confusion__char_07_good.c,78,9,19,0
CWE190_Integer_Overflow__int64_t_fscanf_square_09_good.c,83,3,1707,0
CWE195_Signed_to_Unsigned_Conversion_Error__rand_strncpy_18_good.c,122,10,130,0
CWE124_Buffer_Underwrite__CWE839_fgets_08_good.c,171,6,133,0
CWE194_Unexpected_Sign_Extension__fgets_memcpy_06_good.c,156,82,35,0
CWE484_Omitted_Break_Statement_in_Switch__basic_16_good.c,82,2,11,0
CWE680_Integer_Overflow_to_Buffer_Overflow__malloc_fixed_10_good.c,137,13,18,0
CWE467_Use_of_sizeof_on_Pointer_Type__short_04_good.c,94,44,15,0
CWE195_Signed_to_Unsigned_Conversion_Error__rand_strncpy_07_good.c,125,10,130,0
CWE416_Use_After_Free__malloc_free_int64_t_16_good.c,133,14,1,0
CWE252_Unchecked_Return_Value__wchar_t_fgets_05_good.c,75,5,29,0
CWE427_Uncontrolled_Search_Path_Element__wchar_t_environment_05_good.c,108,96,35,0
CWE196_Unsigned_to_Signed_Conversion_Error__basic_09_good.c,85,2,133,0
CWE570_Expression_Always_False__global_const_01_good.c,44,3,5,0
CWE197_Numeric_Truncation_Error__int_fgets_to_char_14_good.c,104,77,31,0
CWE338_Weak_PRNG__w32_16_good.c,60,17,12,0
CWE191_Integer_Underflow__short_fscanf_postdec_12_good.c,121,12,7,0
CWE400_Resource_Exhaustion__rand_for_loop_31_good.c,89,3,56,0
CWE563_Unused_Variable__unused_uninit_variable_wchar_t_01_good.c,43,6,2,0
CWE457_Use_of_Uninitialized_Variable__double_12_good.c,82,3,2,0
CWE197_Numeric_Truncation_Error__int_rand_to_char_42_good.c,85,10,130,0
CWE535_Info_Exposure_Shell_Error__w32_wchar_t_15_good.c,179,5,26,0
CWE90_LDAP_Injection__w32_char_file_32_good.c,329,137,0,0
CWE591_Sensitive_Data_Storage_in_Improperly_Locked_Memory__w32_wchar_t_34_good.c,157,2,133,0
CWE134_Uncontrolled_Format_String__char_console_w32_vsnprintf_18_good.c,214,3,122,0
CWE758_Undefined_Behavior__long_malloc_use_12_good.c,159,7,40,0
CWE690_NULL_Deref_From_Return__wchar_t_calloc_09_good.c,86,3,870,0
CWE401_Memory_Leak__malloc_realloc_twoIntsStruct_12_good.c,299,9,71,0
CWE194_Unexpected_Sign_Extension__fscanf_strncpy_15_good.c,135,23,191,0
CWE761_Free_Pointer_Not_at_Start_of_Buffer__wchar_t_fixed_string_10_good.c,123,35,46,0
CWE134_Uncontrolled_Format_String__char_environment_fprintf_01_good.c,103,2,164,0
CWE252_Unchecked_Return_Value__char_putchar_16_good.c,54,5,172,0
CWE391_Unchecked_Error_Condition__wcstombs_16_good.c,93,3,35,0
CWE195_Signed_to_Unsigned_Conversion_Error__rand_strncpy_32_good.c,152,10,130,0
CWE134_Uncontrolled_Format_String__char_console_vprintf_34_good.c,199,19,6,0
CWE134_Uncontrolled_Format_String__char_file_w32_vsnprintf_34_good.c,208,19,6,0
CWE690_NULL_Deref_From_Return__long_realloc_09_good.c,90,3,870,0
CWE606_Unchecked_Loop_Condition__char_console_34_good.c,212,3,870,0
CWE197_Numeric_Truncation_Error__int_large_to_char_08_good.c,93,3,1804,0
CWE690_NULL_Deref_From_Return__int64_t_realloc_01_good.c,85,11,18,0
CWE427_Uncontrolled_Search_Path_Element__wchar_t_environment_13_good.c,110,96,35,0
CWE590_Free_Memory_Not_on_Heap__free_int64_t_declare_11_good.c,107,9,197,0
CWE476_NULL_Pointer_Dereference__struct_09_good.c,65,3,870,0
CWE457_Use_of_Uninitialized_Variable__struct_array_declare_partial_init_15_good.c,164,2,238,0
CWE194_Unexpected_Sign_Extension__negative_malloc_18_good.c,120,3,18,0
CWE124_Buffer_Underwrite__CWE839_fscanf_14_good.c,128,6,133,0
CWE590_Free_Memory_Not_on_Heap__free_int64_t_static_41_good.c,113,53,1,0
CWE761_Free_Pointer_Not_at_Start_of_Buffer__wchar_t_console_15_good.c,215,33,17,0
CWE194_Unexpected_Sign_Extension__fgets_memcpy_02_good.c,154,82,35,0
CWE114_Process_Control__w32_char_file_04_good.c,165,166,25,0
CWE252_Unchecked_Return_Value__char_scanf_11_good.c,69,5,172,0
CWE680_Integer_Overflow_to_Buffer_Overflow__malloc_fixed_32_good.c,166,13,18,0
CWE124_Buffer_Underwrite__CWE839_negative_44_good.c,131,6,133,0
CWE761_Free_Pointer_Not_at_Start_of_Buffer__wchar_t_environment_13_good.c,160,35,46,0
CWE427_Uncontrolled_Search_Path_Element__wchar_t_environment_15_good.c,117,96,35,0
CWE570_Expression_Always_False__static_01_good.c,44,3,5,0
CWE134_Uncontrolled_Format_String__wchar_t_environment_printf_42_good.c,122,16,9,0
CWE758_Undefined_Behavior__int_malloc_use_13_good.c,94,7,40,0
CWE134_Uncontrolled_Format_String__wchar_t_console_vprintf_34_good.c,203,29,2,0
CWE194_Unexpected_Sign_Extension__fgets_memmove_07_good.c,156,82,35,0
CWE190_Integer_Overflow__short_fscanf_square_07_good.c,85,3,1707,0
CWE427_Uncontrolled_Search_Path_Element__wchar_t_environment_16_good.c,110,95,8,0
CWE761_Free_Pointer_Not_at_Start_of_Buffer__char_file_42_good.c,205,37,63,0
CWE252_Unchecked_Return_Value__wchar_t_snprintf_10_good.c,80,9,136,0
CWE195_Signed_to_Unsigned_Conversion_Error__fgets_memmove_06_good.c,154,76,36,0
CWE535_Info_Exposure_Shell_Error__w32_wchar_t_05_good.c,170,5,26,0
CWE667_Improper_Locking__basic_08_good.c,93,3,111,0
CWE195_Signed_to_Unsigned_Conversion_Error__fgets_strncpy_18_good.c,151,59,4,0
CWE327_Use_Broken_Crypto__w32_RC5_09_good.c,393,3,1804,0
CWE191_Integer_Underflow__int_rand_multiply_18_good.c,81,3,870,0
CWE256_Plaintext_Storage_of_Password__w32_char_16_good.c,177,7,18,0
CWE134_Uncontrolled_Format_String__wchar_t_environment_vfprintf_14_good.c,159,17,43,0
CWE252_Unchecked_Return_Value__char_scanf_16_good.c,69,5,172,0
CWE590_Free_Memory_Not_on_Heap__free_struct_alloca_12_good.c,208,4,109,0
CWE124_Buffer_Underwrite__CWE839_fscanf_32_good.c,147,6,133,0
CWE427_Uncontrolled_Search_Path_Element__wchar_t_file_01_good.c,138,165,15,0
CWE590_Free_Memory_Not_on_Heap__free_long_declare_16_good.c,106,9,197,0
CWE690_NULL_Deref_From_Return__wchar_t_malloc_41_good.c,94,3,59,0
CWE476_NULL_Pointer_Dereference__int64_t_13_good.c,68,3,870,0
CWE114_Process_Control__w32_wchar_t_console_02_good.c,179,168,1,0
CWE459_Incomplete_Cleanup__wchar_t_03_good.c,109,2,164,0
CWE195_Signed_to_Unsigned_Conversion_Error__rand_memmove_12_good.c,134,10,130,0
CWE427_Uncontrolled_Search_Path_Element__char_environment_04_good.c,107,96,35,0
CWE114_Process_Control__w32_char_console_12_good.c,187,174,27,0
CWE190_Integer_Overflow__int_rand_multiply_12_good.c,132,5,0,0
CWE197_Numeric_Truncation_Error__int_rand_to_char_12_good.c,84,10,130,0
CWE690_NULL_Deref_From_Return__char_realloc_11_good.c,89,3,870,0
CWE190_Integer_Overflow__int_fscanf_square_02_good.c,81,3,1707,0
CWE253_Incorrect_Check_of_Function_Return_Value__char_puts_11_good.c,57,3,101,0
CWE591_Sensitive_Data_Storage_in_Improperly_Locked_Memory__w32_wchar_t_44_good.c,164,2,133,0
CWE190_Integer_Overflow__char_rand_multiply_42_good.c,93,3,870,0
CWE134_Uncontrolled_Format_String__wchar_t_environment_fprintf_09_good.c,116,19,36,0
CWE469_Use_of_Pointer_Subtraction_to_Determine_Size__wchar_t_13_good.c,108,6,23,0
CWE467_Use_of_sizeof_on_Pointer_Type__char_18_good.c,93,44,12,0
CWE195_Signed_to_Unsigned_Conversion_Error__negative_strncpy_16_good.c,124,3,69,0
CWE617_Reachable_Assertion__rand_03_good.c,67,10,130,0
CWE469_Use_of_Pointer_Subtraction_to_Determine_Size__wchar_t_05_good.c,106,6,23,0
CWE761_Free_Pointer_Not_at_Start_of_Buffer__wchar_t_fixed_string_42_good.c,137,35,46,0
CWE391_Unchecked_Error_Condition__sqrt_03_good.c,70,3,35,0
CWE252_Unchecked_Return_Value__wchar_t_fputc_09_good.c,55,9,136,0
CWE476_NULL_Pointer_Dereference__wchar_t_44_good.c,80,3,59,0
CWE190_Integer_Overflow__char_fscanf_square_09_good.c,82,3,1707,0
CWE191_Integer_Underflow__char_rand_multiply_42_good.c,93,3,870,0
CWE242_Use_of_Inherently_Dangerous_Function__basic_07_good.c,92,5,12,0
CWE194_Unexpected_Sign_Extension__fgets_malloc_06_good.c,156,83,31,0
CWE190_Integer_Overflow__int_fgets_square_03_good.c,110,3,1707,0
CWE194_Unexpected_Sign_Extension__negative_malloc_09_good.c,121,3,18,0
CWE758_Undefined_Behavior__long_alloca_use_14_good.c,75,6,58,0
CWE843_Type_Confusion__short_31_good.c,84,7,16,0
CWE457_Use_of_Uninitialized_Variable__char_pointer_12_good.c,83,3,2,0
CWE321_Hard_Coded_Cryptographic_Key__w32_char_01_good.c,310,18,63,0
CWE606_Unchecked_Loop_Condition__wchar_t_console_41_good.c,212,3,56,0
CWE457_Use_of_Uninitialized_Variable__struct_15_good.c,86,3,111,0
CWE256_Plaintext_Storage_of_Password__w32_wchar_t_44_good.c,192,9,15,0
CWE366_Race_Condition_Within_Thread__int_byref_02_good.c,248,229,1,0
CWE563_Unused_Variable__unused_uninit_variable_char_15_good.c,58,3,38,0
CWE400_Resource_Exhaustion__fscanf_for_loop_04_good.c,93,3,56,0
CWE90_LDAP_Injection__w32_char_file_34_good.c,309,161,0,0
CWE244_Heap_Inspection__w32_wchar_t_realloc_07_good.c,249,7,15,0
CWE482_Comparing_Instead_of_Assigning__basic_09_good.c,65,14,15,0
CWE252_Unchecked_Return_Value__char_fgets_07_good.c,76,5,29,0
CWE252_Unchecked_Return_Value__char_fprintf_04_good.c,53,5,172,0
CWE390_Error_Without_Action__fgets_wchar_t_08_good.c,111,3,13,0
CWE194_Unexpected_Sign_Extension__negative_memcpy_18_good.c,120,6,48,0
CWE134_Uncontrolled_Format_String__wchar_t_file_vfprintf_08_good.c,213,17,43,0
CWE327_Use_Broken_Crypto__w32_RC5_15_good.c,402,3,1804,0
CWE590_Free_Memory_Not_on_Heap__free_int64_t_declare_18_good.c,104,9,197,0
CWE114_Process_Control__w32_char_file_03_good.c,167,166,25,0
CWE190_Integer_Overflow__int_fgets_square_31_good.c,106,3,1707,0
CWE401_Memory_Leak__malloc_realloc_int64_t_15_good.c,152,9,71,0
CWE390_Error_Without_Action__sqrt_05_good.c,80,2,164,0
CWE690_NULL_Deref_From_Return__int_malloc_11_good.c,90,3,870,0
CWE665_Improper_Initialization__wchar_t_cat_32_good.c,134,6,2,0
CWE680_Integer_Overflow_to_Buffer_Overflow__malloc_fixed_08_good.c,157,13,18,0
CWE366_Race_Condition_Within_Thread__int_byref_12_good.c,375,231,9,0
CWE476_NULL_Pointer_Dereference__long_15_good.c,82,3,184,0
CWE620_Unverified_Password_Change__w32_10_good.c,154,71,14,0
CWE114_Process_Control__w32_wchar_t_environment_31_good.c,139,90,0,0
CWE480_Use_of_Incorrect_Operator__basic_14_good.c,110,111,7,0
CWE690_NULL_Deref_From_Return__long_realloc_04_good.c,90,3,870,0
CWE416_Use_After_Free__return_freed_ptr_06_good.c,289,473,11,0
CWE134_Uncontrolled_Format_String__wchar_t_file_w32_vsnprintf_16_good.c,213,25,51,0
CWE590_Free_Memory_Not_on_Heap__free_char_static_13_good.c,96,9,197,0
CWE590_Free_Memory_Not_on_Heap__free_int64_t_alloca_18_good.c,116,4,109,0
CWE190_Integer_Overflow__int_rand_preinc_12_good.c,116,6,3,0
CWE404_Improper_Resource_Shutdown__fopen_w32CloseHandle_41_good.c,85,11,38,0
CWE194_Unexpected_Sign_Extension__negative_memcpy_11_good.c,123,6,48,0
CWE416_Use_After_Free__malloc_free_int_04_good.c,128,14,26,0
CWE590_Free_Memory_Not_on_Heap__free_wchar_t_declare_05_good.c,96,9,197,0
CWE690_NULL_Deref_From_Return__char_calloc_09_good.c,85,3,870,0
CWE256_Plaintext_Storage_of_Password__w32_wchar_t_06_good.c,182,9,15,0
CWE369_Divide_by_Zero__float_rand_08_good.c,107,3,1707,0
CWE197_Numeric_Truncation_Error__short_fgets_01_good.c,99,75,1,0
CWE690_NULL_Deref_From_Return__char_realloc_09_good.c,87,3,870,0
CWE758_Undefined_Behavior__int_alloca_use_11_good.c,75,6,58,0
CWE253_Incorrect_Check_of_Function_Return_Value__char_puts_05_good.c,55,3,101,0
CWE590_Free_Memory_Not_on_Heap__free_wchar_t_declare_06_good.c,98,9,197,0
CWE367_TOC_TOU__stat_03_good.c,192,30,13,0
CWE369_Divide_by_Zero__float_fgets_06_good.c,116,3,1707,0
CWE369_Divide_by_Zero__float_zero_14_good.c,84,3,1707,0
CWE690_NULL_Deref_From_Return__struct_malloc_07_good.c,102,3,870,0
CWE401_Memory_Leak__malloc_realloc_twoIntsStruct_11_good.c,167,9,71,0
CWE134_Uncontrolled_Format_String__char_console_vfprintf_12_good.c,262,19,6,0
CWE197_Numeric_Truncation_Error__int_rand_to_short_34_good.c,85,10,130,0
CWE272_Least_Privilege_Violation__w32_wchar_t_CreateProcess_08_good.c,134,4,9,0
CWE590_Free_Memory_Not_on_Heap__free_wchar_t_static_01_good.c,90,9,197,0
CWE416_Use_After_Free__return_freed_ptr_09_good.c,287,473,11,0
CWE563_Unused_Variable__unused_uninit_variable_int_15_good.c,58,3,38,0
CWE367_TOC_TOU__access_14_good.c,187,17,13,0
CWE256_Plaintext_Storage_of_Password__w32_char_05_good.c,173,7,18,0
CWE256_Plaintext_Storage_of_Password__w32_char_02_good.c,173,7,18,0
CWE366_Race_Condition_Within_Thread__int_byref_01_good.c,242,231,9,0
CWE416_Use_After_Free__malloc_free_struct_09_good.c,140,17,8,0
CWE367_TOC_TOU__access_02_good.c,185,17,13,0
CWE416_Use_After_Free__malloc_free_struct_07_good.c,144,17,8,0
CWE134_Uncontrolled_Format_String__wchar_t_file_printf_15_good.c,168,16,9,0
CWE195_Signed_to_Unsigned_Conversion_Error__negative_memmove_32_good.c,151,3,69,0
CWE252_Unchecked_Return_Value__wchar_t_putc_01_good.c,49,9,136,0
CWE114_Process_Control__w32_wchar_t_environment_18_good.c,130,76,1,0
CWE590_Free_Memory_Not_on_Heap__free_int64_t_alloca_09_good.c,117,4,109,0
CWE325_Missing_Required_Cryptographic_Step__w32_CryptEncrypt_18_good.c,238,2,133,0
CWE124_Buffer_Underwrite__CWE839_rand_14_good.c,124,6,133,0
CWE124_Buffer_Underwrite__CWE839_fscanf_08_good.c,146,6,133,0
CWE197_Numeric_Truncation_Error__int_rand_to_short_18_good.c,72,10,130,0
CWE194_Unexpected_Sign_Extension__negative_strncpy_09_good.c,121,6,48,0
CWE190_Integer_Overflow__short_fscanf_square_34_good.c,87,3,1707,0
CWE253_Incorrect_Check_of_Function_Return_Value__char_putc_09_good.c,60,3,101,0
CWE191_Integer_Underflow__int64_t_fscanf_sub_12_good.c,121,15,2,0
CWE476_NULL_Pointer_Dereference__wchar_t_03_good.c,70,3,870,0
CWE685_Function_Call_With_Incorrect_Number_of_Arguments__basic_06_good.c,69,2,164,0
CWE369_Divide_by_Zero__float_fscanf_44_good.c,98,3,1707,0
CWE190_Integer_Overflow__int_rand_square_07_good.c,81,3,1707,0
CWE591_Sensitive_Data_Storage_in_Improperly_Locked_Memory__w32_char_44_good.c,160,2,133,0
CWE680_Integer_Overflow_to_Buffer_Overflow__malloc_rand_10_good.c,135,10,20,0
CWE457_Use_of_Uninitialized_Variable__struct_11_good.c,72,3,111,0
CWE401_Memory_Leak__malloc_realloc_int64_t_03_good.c,145,9,71,0
CWE681_Incorrect_Conversion_Between_Numeric_Types__double2int_15_good.c,99,3,184,0
CWE338_Weak_PRNG__w32_13_good.c,60,17,12,0
CWE197_Numeric_Truncation_Error__short_fscanf_04_good.c,77,23,191,0
CWE404_Improper_Resource_Shutdown__freopen_w32CloseHandle_08_good.c,99,11,38,0
CWE758_Undefined_Behavior__char_alloca_use_07_good.c,75,6,58,0
CWE253_Incorrect_Check_of_Function_Return_Value__wchar_t_fgets_14_good.c,88,6,38,0
CWE366_Race_Condition_Within_Thread__global_int_05_good.c,211,177,13,0
CWE195_Signed_to_Unsigned_Conversion_Error__rand_strncpy_41_good.c,130,10,130,0
CWE321_Hard_Coded_Cryptographic_Key__w32_wchar_t_11_good.c,320,18,63,0
CWE590_Free_Memory_Not_on_Heap__free_int64_t_declare_09_good.c,105,9,197,0
CWE690_NULL_Deref_From_Return__long_calloc_12_good.c,121,3,870,0
CWE404_Improper_Resource_Shutdown__freopen_w32CloseHandle_11_good.c,81,11,38,0
CWE194_Unexpected_Sign_Extension__negative_memcpy_42_good.c,133,6,48,0
CWE190_Integer_Overflow__int64_t_rand_square_06_good.c,85,3,1707,0
CWE252_Unchecked_Return_Value__wchar_t_fputc_08_good.c,75,9,136,0
CWE534_Info_Exposure_Debug_Log__w32_wchar_t_10_good.c,192,5,26,0
CWE758_Undefined_Behavior__char_alloca_use_15_good.c,82,6,58,0
CWE773_Missing_Reference_to_Active_File_Descriptor_or_Handle__fopen_10_good.c,83,4,16,0
CWE606_Unchecked_Loop_Condition__wchar_t_console_18_good.c,208,3,56,0
CWE457_Use_of_Uninitialized_Variable__double_array_declare_no_init_12_good.c,191,4,8,0
CWE259_Hard_Coded_Password__w32_char_44_good.c,134,8,6,0
CWE194_Unexpected_Sign_Extension__rand_memcpy_42_good.c,137,15,8,0
CWE570_Expression_Always_False__string_equals_01_good.c,59,7,0,0
CWE467_Use_of_sizeof_on_Pointer_Type__short_02_good.c,94,44,15,0
CWE321_Hard_Coded_Cryptographic_Key__w32_char_41_good.c,324,8,6,0
CWE190_Integer_Overflow__short_max_square_13_good.c,79,3,1707,0
CWE194_Unexpected_Sign_Extension__negative_malloc_14_good.c,123,3,18,0
CWE114_Process_Control__w32_wchar_t_environment_44_good.c,151,94,0,0
CWE195_Signed_to_Unsigned_Conversion_Error__negative_memmove_11_good.c,124,3,69,0
CWE253_Incorrect_Check_of_Function_Return_Value__wchar_t_fwrite_16_good.c,75,9,15,0
CWE194_Unexpected_Sign_Extension__negative_strncpy_41_good.c,128,6,48,0
CWE191_Integer_Underflow__int64_t_min_multiply_18_good.c,80,3,870,0
CWE681_Incorrect_Conversion_Between_Numeric_Types__double2float_05_good.c,90,3,184,0
CWE253_Incorrect_Check_of_Function_Return_Value__char_snprintf_18_good.c,83,6,25,0
CWE690_NULL_Deref_From_Return__char_calloc_01_good.c,79,5,56,0
CWE127_Buffer_Underread__CWE839_fgets_12_good.c,175,14,1,0
CWE680_Integer_Overflow_to_Buffer_Overflow__malloc_rand_03_good.c,137,10,20,0
CWE253_Incorrect_Check_of_Function_Return_Value__char_putc_11_good.c,62,3,101,0
CWE195_Signed_to_Unsigned_Conversion_Error__negative_memmove_10_good.c,122,3,69,0
CWE124_Buffer_Underwrite__CWE839_negative_14_good.c,123,6,133,0
CWE253_Incorrect_Check_of_Function_Return_Value__wchar_t_fgets_10_good.c,86,6,38,0
